"Application Name","Applications (Item)","Application Logo","Version Number","Is Active","Website URL","Release Date","ID","Created Date","Updated Date","Owner","Description","Screenshot","User Guide","Tagline","Applications (List)","Description WebMeta","Publish Date","Unpublish Date","Status"
"Holidays and Birthdays Web Part","/applications/holidays-and-birthdays-web-part","wix:image://v1/b805ce_a49c1db64df24772bd68da04fc5c540c~mv2.jpg/default-holiday_a6565966acb6a0ae2a6593819479c31f.jpg#originWidth=144&originHeight=144",2.1,true,"https://aka.synozur.com/holidayswp","2026-03-16","095b46ff-3413-42e1-8f8a-ee4dd47c4452",2026-03-20T22:35:24Z,2026-03-20T22:36:29Z,"b805cef0-823c-4610-b623-a9de8636fce2","<p class=""font_8""><strong>Project Comet</strong> is a small but meaningful way to make work more human. It brings holidays and birthdays into everyday view across SharePoint and Viva Connections—helping organizations pause, rest, and celebrate the people who make the work possible. Designed to deploy in minutes and managed entirely through standard SharePoint lists and permissions, Project Comet removes friction for administrators while creating moments of recognition and connection for employees. Built as an open, community‑first solution and shared freely with no licensing or paywalls, Project Comet is our gift back to the SharePoint community—a reminder that great digital workplaces don’t just help us work better, they help us care for one another too.&nbsp;</p>
<p class=""font_8""><br></p>
<p class=""font_8"">The link takes you to the download page on GitHub for the compiled SPPKG file.</p>","wix:image://v1/b805ce_87fa62487955406d86a0892636aab4ce~mv2.png/holidays-birthdays-screenshot.png#originWidth=1890&originHeight=1114","{""nodes"":[{""type"":""HEADING"",""id"":""tw2sb751"",""nodes"":[{""type"":""TEXT"",""id"":"""",""nodes"":[],""textData"":{""text"":""Deploy to Site Collection App Catalog"",""decorations"":[]}}],""headingData"":{""level"":3,""textStyle"":{""textAlignment"":""AUTO""}}},{""type"":""ORDERED_LIST"",""id"":""n7egb792"",""nodes"":[{""type"":""LIST_ITEM"",""id"":""8oqle793"",""nodes"":[{""type"":""PARAGRAPH"",""id"":""b8uzq753"",""nodes"":[{""type"":""TEXT"",""id"":"""",""nodes"":[],""textData"":{""text"":""Navigate to your SharePoint site"",""decorations"":[]}}],""paragraphData"":{}}]},{""type"":""LIST_ITEM"",""id"":""ui3xd795"",""nodes"":[{""type"":""PARAGRAPH"",""id"":""nuuzc755"",""nodes"":[{""type"":""TEXT"",""id"":"""",""nodes"":[],""textData"":{""text"":""Go to Site Contents → Site App Catalog (or your Site Collection App Catalog)"",""decorations"":[]}}],""paragraphData"":{}}]},{""type"":""LIST_ITEM"",""id"":""wiojc797"",""nodes"":[{""type"":""PARAGRAPH"",""id"":""v2t3o757"",""nodes"":[{""type"":""TEXT"",""id"":"""",""nodes"":[],""textData"":{""text"":""Upload the .sppkg file from solution/holidays-birthdays-webpart.sppkg"",""decorations"":[]}}],""paragraphData"":{}}]},{""type"":""LIST_ITEM"",""id"":""q5x73799"",""nodes"":[{""type"":""PARAGRAPH"",""id"":""s21ve759"",""nodes"":[{""type"":""TEXT"",""id"":"""",""nodes"":[],""textData"":{""text"":""When prompted, check \""Make this solution available to all sites in the organization\"" (or leave unchecked for site-scoped deployment)"",""decorations"":[]}}],""paragraphData"":{}}]},{""type"":""LIST_ITEM"",""id"":""n2gjd801"",""nodes"":[{""type"":""PARAGRAPH"",""id"":""qhh5t761"",""nodes"":[{""type"":""TEXT"",""id"":"""",""nodes"":[],""textData"":{""text"":""Click Deploy"",""decorations"":[]}}],""paragraphData"":{}},{""type"":""PARAGRAPH"",""id"":""lt6sa914"",""nodes"":[],""paragraphData"":{}}]}],""orderedListData"":{""indentation"":0}},{""type"":""HEADING"",""id"":""awsy5763"",""nodes"":[{""type"":""TEXT"",""id"":"""",""nodes"":[],""textData"":{""text"":""Add Web Part to a Page"",""decorations"":[]}}],""headingData"":{""level"":3,""textStyle"":{""textAlignment"":""AUTO""}}},{""type"":""BULLETED_LIST"",""id"":""qn3vc1048"",""nodes"":[{""type"":""LIST_ITEM"",""id"":""ivzgh1049"",""nodes"":[{""type"":""PARAGRAPH"",""id"":""22j94765"",""nodes"":[{""type"":""TEXT"",""id"":"""",""nodes"":[],""textData"":{""text"":""Edit a SharePoint page (Modern page)"",""decorations"":[]}}],""paragraphData"":{}}]},{""type"":""LIST_ITEM"",""id"":""2671p1051"",""nodes"":[{""type"":""PARAGRAPH"",""id"":""jip77767"",""nodes"":[{""type"":""TEXT"",""id"":"""",""nodes"":[],""textData"":{""text"":""Click the + button to add a web part"",""decorations"":[]}}],""paragraphData"":{}}]},{""type"":""LIST_ITEM"",""id"":""lq35w1053"",""nodes"":[{""type"":""PARAGRAPH"",""id"":""gv88w769"",""nodes"":[{""type"":""TEXT"",""id"":"""",""nodes"":[],""textData"":{""text"":""Find \""Holidays & Birthdays\"" in the web part picker"",""decorations"":[]}}],""paragraphData"":{}}]},{""type"":""LIST_ITEM"",""id"":""7olj91055"",""nodes"":[{""type"":""PARAGRAPH"",""id"":""n8ekn771"",""nodes"":[{""type"":""TEXT"",""id"":"""",""nodes"":[],""textData"":{""text"":""Add it to your page"",""decorations"":[]}}],""paragraphData"":{}}]},{""type"":""LIST_ITEM"",""id"":""owddr1057"",""nodes"":[{""type"":""PARAGRAPH"",""id"":""kbtut773"",""nodes"":[{""type"":""TEXT"",""id"":"""",""nodes"":[],""textData"":{""text"":""Configure web part properties if needed:"",""decorations"":[]}}],""paragraphData"":{}},{""type"":""BULLETED_LIST"",""id"":""6akdu1088"",""nodes"":[{""type"":""LIST_ITEM"",""id"":""s1gnj1059"",""nodes"":[{""type"":""PARAGRAPH"",""id"":""eca94775"",""nodes"":[{""type"":""TEXT"",""id"":"""",""nodes"":[],""textData"":{""text"":""Default Days: Number of days for default view (default: 30)"",""decorations"":[]}}],""paragraphData"":{}}]},{""type"":""LIST_ITEM"",""id"":""hiz591061"",""nodes"":[{""type"":""PARAGRAPH"",""id"":""lb4hp777"",""nodes"":[{""type"":""TEXT"",""id"":"""",""nodes"":[],""textData"":{""text"":""Expanded Days: Number of days for expanded view (default: 365)"",""decorations"":[]}}],""paragraphData"":{}}]},{""type"":""LIST_ITEM"",""id"":""rafyl1063"",""nodes"":[{""type"":""PARAGRAPH"",""id"":""cjr36779"",""nodes"":[{""type"":""TEXT"",""id"":"""",""nodes"":[],""textData"":{""text"":""List Title: Name of the SharePoint list (default: \""HolidaysAndBirthdays\"")"",""decorations"":[]}}],""paragraphData"":{}}]},{""type"":""LIST_ITEM"",""id"":""ufcq11065"",""nodes"":[{""type"":""PARAGRAPH"",""id"":""pmgwm781"",""nodes"":[{""type"":""TEXT"",""id"":"""",""nodes"":[],""textData"":{""text"":""Show Images: Toggle to show/hide event images"",""decorations"":[]}}],""paragraphData"":{}}]},{""type"":""LIST_ITEM"",""id"":""xw9xw1067"",""nodes"":[{""type"":""PARAGRAPH"",""id"":""rqo5n783"",""nodes"":[{""type"":""TEXT"",""id"":"""",""nodes"":[],""textData"":{""text"":""Show Type Badges: Toggle to show/hide event type badges"",""decorations"":[]}}],""paragraphData"":{}}]},{""type"":""LIST_ITEM"",""id"":""bt1b71069"",""nodes"":[{""type"":""PARAGRAPH"",""id"":""wh0go785"",""nodes"":[{""type"":""TEXT"",""id"":"""",""nodes"":[],""textData"":{""text"":""Allow List Provisioning: Enable automatic list creation (default: true)"",""decorations"":[]}}],""paragraphData"":{}}]}],""bulletedListData"":{""indentation"":0}}]}],""bulletedListData"":{""indentation"":0}},{""type"":""PARAGRAPH"",""id"":""4wpmg741"",""nodes"":[],""paragraphData"":{}},{""type"":""PARAGRAPH"",""id"":""jr0fv746"",""nodes"":[{""type"":""TEXT"",""id"":"""",""nodes"":[],""textData"":{""text"":""\n"",""decorations"":[]}},{""type"":""TEXT"",""id"":"""",""nodes"":[],""textData"":{""text"":""If you need help installing the SPPKG file, see "",""decorations"":[]}},{""type"":""TEXT"",""id"":"""",""nodes"":[],""textData"":{""text"":""How to Deploy an App to App Catalog in SharePoint Online? - SharePoint Diary"",""decorations"":[{""type"":""LINK"",""linkData"":{""link"":{""url"":""https://www.sharepointdiary.com/2019/12/deploy-app-to-app-catalog-in-sharepoint-online.html"",""target"":""BLANK""}}},{""type"":""UNDERLINE""}]}},{""type"":""TEXT"",""id"":"""",""nodes"":[],""textData"":{""text"":"" for guidance."",""decorations"":[]}}],""paragraphData"":{}}],""documentStyle"":{}}","People-centric engagement for your intranet","/applications/","Project Comet is a small but meaningful way to make work more human. It brings holidays and birthdays into everyday view across SharePoint and Viva Connections—helping organizations pause, rest, and celebrate the people who make the work possible. Designed to deploy in minutes and managed entirely through standard SharePoint lists and permissions, Project Comet removes friction for administrators while creating moments of recognition and connection for employees. Built as an open, community‑first solution and shared freely with no licensing or paywalls, Project Comet is our gift back to the SharePoint community—a reminder that great digital workplaces don’t just help us work better, they help us care for one another too. ",2026-03-20T22:25:37Z,,"PUBLISHED"
"Nebula","/applications/nebula","wix:image://v1/b805ce_79a13b0c9bda4d6bb2018308edd7449d~mv2.jpg/aldebaran-s-uXchDIKs4qI-unsplash.jpg#originWidth=2406&originHeight=2411",1,true,"https://nebula.synozur.com","2025-10-27","19bc417c-53d7-48df-a6a5-3680d367f6f7",2026-03-06T20:15:58Z,2026-03-20T21:26:30Z,"b805cef0-823c-4610-b623-a9de8636fce2","<p class=""font_8""><strong>Nebula</strong> is Synozur's collaborative envisioning platform — built for facilitators who need to do more than just run a workshop. Bring together teams, customers, or stakeholders in structured real-time sessions where ideas are surfaced, categorized by AI, and prioritized through voting, ranking, and visual frameworks like the 2×2 priority matrix. Whether you're shaping a product strategy, exploring transformation priorities, or building shared direction across an organization, Nebula turns group input into clear, AI-generated insights and personalized results that participants can act on long after the session ends.</p>","wix:image://v1/b805ce_351397cab164439a8ed4f7ae7315f140~mv2.png/nebula.png#originWidth=3736&originHeight=2026",,"The birthplace of new starlight","/applications/","Nebula is Synozur's collaborative envisioning platform — built for facilitators who need to do more than just run a workshop. Bring together teams, customers, or stakeholders in structured real-time sessions where ideas are surfaced, categorized by AI, and prioritized through voting, ranking, and visual frameworks like the 2×2 priority matrix. Whether you're shaping a product strategy, exploring transformation priorities, or building shared direction across an organization, Nebula turns group input into clear, AI-generated insights and personalized results that participants can act on long after the session ends.",2026-03-06T20:13:43Z,,"PUBLISHED"
"Vega","/applications/vega","wix:image://v1/b805ce_4161e81837b14710ad0874cb7f91bbba~mv2.png/VegaTight.png#originWidth=1500&originHeight=1500",1,true,"https://vega.synozur.com","2026-01-06","746ac3a3-eae9-420b-8847-4756b0703ce0",2025-12-18T18:20:29Z,2026-03-20T18:15:47Z,"b805cef0-823c-4610-b623-a9de8636fce2","<p class=""font_8"">Vega is your <strong>AI-powered Company Operating System</strong> that <strong>turns strategy into action every day</strong>. It unifies <strong>mission</strong>, <strong>priorities</strong>, <strong>OKRs</strong>, and <strong>meetings</strong> into a single <strong>operating rhythm</strong>—bringing <strong>clarity</strong>, <strong>cadence</strong>, and <strong>accountability</strong> to your organization. With seamless <strong>Microsoft 365 integration</strong>, <strong>enterprise-grade security</strong>, and <strong>intelligent AI guidance</strong> that augments human judgment, Vega helps leaders <strong>align teams</strong>, <strong>track progress</strong>, and <strong>accelerate outcomes</strong> without the chaos of disconnected tools.</p>","wix:image://v1/b805ce_d037af636fb044b683d67f5f7ae429e8~mv2.jpg/VegaSS4.jpg#originWidth=687&originHeight=401","{""nodes"":[{""type"":""PARAGRAPH"",""id"":""foo"",""nodes"":[{""type"":""TEXT"",""id"":"""",""nodes"":[],""textData"":{""text"":""We built Vega to support clients impacted by the shutdown of Microsoft Viva Goals in 2025. Vega imports your full data and activity hiustory from Viva and combines it with our Company OS platform. It's tightly integrated wiht Microsoft 365 apps and services like OneDrive, SharePoint , Outlook, Excel, and Planner."",""decorations"":[]}}],""paragraphData"":{""textStyle"":{""textAlignment"":""AUTO""},""indentation"":0}},{""type"":""PARAGRAPH"",""id"":""dxv0y1490"",""nodes"":[],""paragraphData"":{""textStyle"":{""textAlignment"":""AUTO""}}},{""type"":""HEADING"",""id"":""lsw7f1491"",""nodes"":[{""type"":""TEXT"",""id"":"""",""nodes"":[],""textData"":{""text"":""Key Capabilities"",""decorations"":[]}}],""headingData"":{""level"":3,""textStyle"":{""textAlignment"":""AUTO""}}},{""type"":""BULLETED_LIST"",""id"":""gpsjy1493"",""nodes"":[{""type"":""LIST_ITEM"",""id"":""mo9pi1494"",""nodes"":[{""type"":""PARAGRAPH"",""id"":""9sdlz1495"",""nodes"":[{""type"":""TEXT"",""id"":"""",""nodes"":[],""textData"":{""text"":""Unified Company Operating System:"",""decorations"":[{""type"":""BOLD"",""fontWeightValue"":700}]}},{""type"":""TEXT"",""id"":"""",""nodes"":[],""textData"":{""text"":"" Centralizes strategic planning, execution, and governance in one platform."",""decorations"":[]}}],""paragraphData"":{}}]},{""type"":""LIST_ITEM"",""id"":""mouk21498"",""nodes"":[{""type"":""PARAGRAPH"",""id"":""iyauy1499"",""nodes"":[{""type"":""TEXT"",""id"":"""",""nodes"":[],""textData"":{""text"":""AI-Augmented Insights:"",""decorations"":[{""type"":""BOLD"",""fontWeightValue"":700}]}},{""type"":""TEXT"",""id"":"""",""nodes"":[],""textData"":{""text"":"" Provides real-time recommendations, progress tracking, and data-driven decision support."",""decorations"":[]}}],""paragraphData"":{}}]},{""type"":""LIST_ITEM"",""id"":""h18gh1502"",""nodes"":[{""type"":""PARAGRAPH"",""id"":""qs1gh1503"",""nodes"":[{""type"":""TEXT"",""id"":"""",""nodes"":[],""textData"":{""text"":""Operational Rhythm:"",""decorations"":[{""type"":""BOLD"",""fontWeightValue"":700}]}},{""type"":""TEXT"",""id"":"""",""nodes"":[],""textData"":{""text"":"" Embeds structured goal-setting, check-ins, and reviews (Focus Rhythm) to drive accountability and momentum."",""decorations"":[]}}],""paragraphData"":{}}]},{""type"":""LIST_ITEM"",""id"":""fqk7s1506"",""nodes"":[{""type"":""PARAGRAPH"",""id"":""vqmpu1507"",""nodes"":[{""type"":""TEXT"",""id"":"""",""nodes"":[],""textData"":{""text"":""Modular Design:"",""decorations"":[{""type"":""BOLD"",""fontWeightValue"":700}]}},{""type"":""TEXT"",""id"":"""",""nodes"":[],""textData"":{""text"":"" Offers customizable modules for dashboards, strategy, planning, and governance, adaptable to any organization’s needs."",""decorations"":[]}}],""paragraphData"":{}}]},{""type"":""LIST_ITEM"",""id"":""kpz5e1510"",""nodes"":[{""type"":""PARAGRAPH"",""id"":""zyxtu1511"",""nodes"":[{""type"":""TEXT"",""id"":"""",""nodes"":[],""textData"":{""text"":""Enterprise-Grade Security:"",""decorations"":[{""type"":""BOLD"",""fontWeightValue"":700}]}},{""type"":""TEXT"",""id"":"""",""nodes"":[],""textData"":{""text"":"" Includes role-based access control and Microsoft Entra ID single sign-on for secure, scalable adoption."",""decorations"":[]}}],""paragraphData"":{}}]},{""type"":""LIST_ITEM"",""id"":""x2yz71514"",""nodes"":[{""type"":""PARAGRAPH"",""id"":""ing8a1515"",""nodes"":[{""type"":""TEXT"",""id"":"""",""nodes"":[],""textData"":{""text"":""Integrated Analytics:"",""decorations"":[{""type"":""BOLD"",""fontWeightValue"":700}]}},{""type"":""TEXT"",""id"":"""",""nodes"":[],""textData"":{""text"":"" Tracks adoption, initiative completion, and performance improvements with built-in analytics."",""decorations"":[]}}],""paragraphData"":{}}]},{""type"":""LIST_ITEM"",""id"":""0ga4t1518"",""nodes"":[{""type"":""PARAGRAPH"",""id"":""bsrrx1519"",""nodes"":[{""type"":""TEXT"",""id"":"""",""nodes"":[],""textData"":{""text"":""Human-Centric Interface:"",""decorations"":[{""type"":""BOLD"",""fontWeightValue"":700}]}},{""type"":""TEXT"",""id"":"""",""nodes"":[],""textData"":{""text"":"" Delivers intuitive, mobile-ready visuals and user-friendly workflows to encourage engagement and adoption."",""decorations"":[]}}],""paragraphData"":{}}]},{""type"":""LIST_ITEM"",""id"":""ni1z71522"",""nodes"":[{""type"":""PARAGRAPH"",""id"":""n293m1523"",""nodes"":[{""type"":""TEXT"",""id"":"""",""nodes"":[],""textData"":{""text"":""Continuous Support:"",""decorations"":[{""type"":""BOLD"",""fontWeightValue"":700}]}},{""type"":""TEXT"",""id"":"""",""nodes"":[],""textData"":{""text"":"" Backed by Synozur’s transformation expertise and ongoing client support for sustained success."",""decorations"":[]}},{""type"":""TEXT"",""id"":"""",""nodes"":[],""textData"":{""text"":""\n"",""decorations"":[]}}],""paragraphData"":{}}]}],""bulletedListData"":{""indentation"":0}},{""type"":""PARAGRAPH"",""id"":""vfuvy1615"",""nodes"":[{""type"":""TEXT"",""id"":"""",""nodes"":[],""textData"":{""text"":""For our full user guide, visit "",""decorations"":[]}},{""type"":""TEXT"",""id"":"""",""nodes"":[],""textData"":{""text"":""Vega User Guide"",""decorations"":[{""type"":""LINK"",""linkData"":{""link"":{""url"":""https://vega.synozur.com/help"",""target"":""BLANK""}}},{""type"":""UNDERLINE""}]}},{""type"":""TEXT"",""id"":"""",""nodes"":[],""textData"":{""text"":"" in the app."",""decorations"":[]}}],""paragraphData"":{}}],""documentStyle"":{}}","Put strategy to work, every day.","/applications/","<p class=""font_8"">Vega is your <strong>AI-powered Company Operating System</strong> that <strong>turns strategy into action every day</strong>. It unifies <strong>mission</strong>, <strong>priorities</strong>, <strong>OKRs</strong>, and <strong>meetings</strong> into a single <strong>operating rhythm</strong>—bringing <strong>clarity</strong>, <strong>cadence</strong>, and <strong>accountability</strong> to your organization. With seamless <strong>Microsoft 365 integration</strong>, <strong>enterprise-grade security</strong>, and <strong>intelligent AI guidance</strong> that augments human judgment, Vega helps leaders <strong>align teams</strong>, <strong>track progress</strong>, and <strong>accelerate outcomes</strong> without the chaos of disconnected tools.</p>",2025-12-18T18:20:29Z,,"PUBLISHED"
"Constellation","/applications/constellation","wix:image://v1/b805ce_f13ce62d083e4111a33c355746cb292b~mv2.jpeg/AdobeStock_244105520.jpeg#originWidth=4679&originHeight=3120",,true,"https://scdp.synozur.com","2025-09-01","94389118-f28c-4b5f-981c-10d5553e8c86",2026-03-06T20:13:12Z,2026-03-20T18:57:25Z,"b805cef0-823c-4610-b623-a9de8636fce2","<p class=""font_8""><strong>Constellation</strong> is Synozur’s AI‑powered Consulting Delivery Platform, purpose-built for professional services organizations and designed to improve <strong>execution quality, delivery confidence, and leadership decision‑making</strong> across engagements. By unifying project delivery, financials, and operational data inside the Microsoft 365 ecosystem, Constellation gives leaders a real‑time, trustworthy view of <strong>status, deliverables, risks, issues, and costs</strong>—without relying on manual reporting or disconnected tools.&nbsp;</p>
<p class=""font_8""><br></p>
<p class=""font_8"">AI capabilities built on <strong>Microsoft AI Foundry</strong> continuously synthesize live system data to generate clear status reports, highlight delivery risk, surface emerging issues, and produce executive‑ready narratives and artifacts stored directly in SharePoint Embedded and accessible through Teams. Constellation tracks deliverables end‑to‑end, links work progress to financial performance, and makes accountability explicit—so teams spend less time assembling updates and more time addressing what matters. Tasks are synchronized to <strong>Outlook and Planner</strong>, and <strong>Constellation's AI agent </strong>integrates directly into M365 Copilot for ease of use.</p>
<p class=""font_8""><br></p>
<p class=""font_8"">With deep Microsoft alignment, CRM integration, and Copilot‑ready data access, Constellation turns delivery operations into a <strong>predictable, transparent system</strong> that helps organizations stay on track, manage risk proactively, and keep execution aligned to strategy as work unfolds.</p>","wix:image://v1/b805ce_f2777779eda74260a33b10e492aaf3f1~mv2.png/Constellation.png#originWidth=3717&originHeight=2023",,"Navigate Your Projects Like the Stars","/applications/","Constellation is Synozur’s AI‑powered Consulting Delivery Platform, purpose-built for professional services organizations and designed to improve execution quality, delivery confidence, and leadership decision‑making across engagements. By unifying project delivery, financials, and operational data inside the Microsoft 365 ecosystem, Constellation gives leaders a real‑time, trustworthy view of status, deliverables, risks, issues, and costs—without relying on manual reporting or disconnected tools. 

AI capabilities built on Microsoft AI Foundry continuously synthesize live system data to generate clear status reports, highlight delivery risk, surface emerging issues, and produce executive‑ready narratives and artifacts stored directly in SharePoint Embedded and accessible through Teams. Constellation tracks deliverables end‑to‑end, links work progress to financial performance, and makes accountability explicit—so teams spend less time assembling updates and more time addressing what matters. Tasks are synchronized to Outlook and Planner, and Constellation's AI agent integrates directly into M365 Copilot for ease of use.

With deep Microsoft alignment, CRM integration, and Copilot‑ready data access, Constellation turns delivery operations into a predictable, transparent system that helps organizations stay on track, manage risk proactively, and keep execution aligned to strategy as work unfolds.",2026-03-06T19:32:49Z,,"PUBLISHED"
"Orbit","/applications/orbit","wix:image://v1/b805ce_450e05c49ec64b23aa6f554f9a294071~mv2.jpg/IMG_7169.JPG#originWidth=1920&originHeight=1080",0.5,true,"https://orbit.Synozur.com","2026-01-21","b4cdef98-bf54-4599-b3ff-9a478c0fa5e2",2026-01-20T05:19:31Z,2026-03-20T18:17:05Z,"b805cef0-823c-4610-b623-a9de8636fce2","<p class=""font_8""><strong>Orbit</strong> is Synozur’s go‑to‑market intelligence platform that turns competitive insight into <strong>ready‑to‑use execution assets</strong>. Orbit continuously monitors market signals, competitor positioning, news, and messaging shifts—then automatically generates and refreshes GTM outputs such as Messaging &amp; Positioning Frameworks (MPFs), one‑sheet sell sheets, and sales battlecards aligned to what’s happening in the market <em>right now</em>. Instead of static research or outdated decks, Orbit gives teams a living GTM system—combining ongoing competitive intelligence with auto‑generated, execution‑ready materials that help marketing, product, and sales adapt faster, sharpen differentiation, and win with confidence.</p>","wix:image://v1/b805ce_8dd1c9b0e81440ba9ef5b5d2d042693f~mv2.jpeg/Screenshot_20-3-2026_11114_orbit.synozur.com.jpeg#originWidth=3699&originHeight=2001",,"Market Intelligence That Never Sleeps","/applications/","Orbit is Synozur’s go‑to‑market intelligence platform that turns competitive insight into ready‑to‑use execution assets. Orbit continuously monitors market signals, competitor positioning, news, and messaging shifts—then automatically generates and refreshes GTM outputs such as Messaging & Positioning Frameworks (MPFs), one‑sheet sell sheets, and sales battlecards aligned to what’s happening in the market right now. Instead of static research or outdated decks, Orbit gives teams a living GTM system—combining ongoing competitive intelligence with auto‑generated, execution‑ready materials that help marketing, product, and sales adapt faster, sharpen differentiation, and win with confidence.",2026-01-20T05:19:31Z,,"PUBLISHED"
"Orion","/applications/orion","wix:image://v1/b805ce_577b66e3923b4a86b84f77fd4f591078~mv2.jpg/Orion%20Wide.jpg#originWidth=1280&originHeight=720",1,true,"https://models.synozur.com","2025-11-03","dbd6afdb-c033-4be6-a651-be57a321ada8",2025-11-03T17:32:58Z,2026-03-20T22:49:21Z,"b805cef0-823c-4610-b623-a9de8636fce2","<p class=""font_8"">Transformation is hard.</p>
<p class=""font_8""><br></p>
<p class=""font_8"">Most organizations know their ambitions, but the journey from today’s reality to tomorrow’s outcomes is complex, uncertain, and often overwhelming. Orion is built to bridge that gap — giving you clarity, confidence, and a path forward that’s tailored to your unique context. Measurement and benchmarking are crucial.</p>
<p class=""font_8""><br></p>
<p class=""font_8""><strong>Orion</strong> is Synozur’s AI‑powered transformation platform that applies our deep expertise—frameworks, research, and real‑world advisory experience—at scale. Rather than delivering generic assessments, Orion integrates AI to interpret your organization’s unique context, synthesizing your data with Synozur’s proven models to produce <strong>personalized results you can trust</strong>.&nbsp;</p>
<p class=""font_8""><br></p>
<p class=""font_8"">It translates insight into a tailored view of your current state, then delivers role‑specific recommendations, prioritized actions, and curated resources aligned to your industry, maturity, and goals. By combining human expertise with AI‑driven analysis, Orion moves organizations beyond static reports—providing clear guidance, practical next steps, and the confidence to act with clarity as transformation unfolds.</p>","wix:image://v1/b805ce_b341e8e3c9fd4515ba4fe53072944f10~mv2.jpg/picture5.jpg#originWidth=3697&originHeight=1953","{""nodes"":[{""paragraphData"":{""textStyle"":{""textAlignment"":""AUTO""}},""style"":{},""id"":""3f9ma5941"",""nodes"":[{""type"":""TEXT"",""id"":"""",""nodes"":[],""textData"":{""text"":""Orion is a comprehensive maturity assessment platform designed to help you evaluate your organization's transformation journey. This guide will help you get the most out of your assessment experience."",""decorations"":[]}}],""type"":""PARAGRAPH""},{""paragraphData"":{""textStyle"":{""textAlignment"":""AUTO""}},""style"":{},""id"":""u6wu85943"",""nodes"":[{""type"":""TEXT"",""id"":"""",""nodes"":[],""textData"":{""text"":"" "",""decorations"":[]}}],""type"":""PARAGRAPH""},{""style"":{},""id"":""vgmr45945"",""nodes"":[{""type"":""TEXT"",""id"":"""",""nodes"":[],""textData"":{""text"":""Getting Started"",""decorations"":[]}}],""headingData"":{""level"":2,""textStyle"":{""textAlignment"":""AUTO""}},""type"":""HEADING""},{""style"":{},""id"":""lq3qx5947"",""nodes"":[{""type"":""TEXT"",""id"":"""",""nodes"":[],""textData"":{""text"":""Creating an Account"",""decorations"":[]}}],""headingData"":{""level"":3,""textStyle"":{""textAlignment"":""AUTO""}},""type"":""HEADING""},{""paragraphData"":{""textStyle"":{""textAlignment"":""AUTO""}},""style"":{},""id"":""raogl5949"",""nodes"":[{""type"":""TEXT"",""id"":"""",""nodes"":[],""textData"":{""text"":""1. "",""decorations"":[]}},{""type"":""TEXT"",""id"":"""",""nodes"":[],""textData"":{""text"":""Sign Up"",""decorations"":[{""type"":""BOLD"",""fontWeightValue"":700}]}},{""type"":""TEXT"",""id"":"""",""nodes"":[],""textData"":{""text"":"": Visit the Orion homepage and click \""Sign Up\"" or navigate directly to the registration page"",""decorations"":[]}}],""type"":""PARAGRAPH""},{""paragraphData"":{""textStyle"":{""textAlignment"":""AUTO""}},""style"":{},""id"":""cn4ea5953"",""nodes"":[{""type"":""TEXT"",""id"":"""",""nodes"":[],""textData"":{""text"":""2. "",""decorations"":[]}},{""type"":""TEXT"",""id"":"""",""nodes"":[],""textData"":{""text"":""Complete Your Profile"",""decorations"":[{""type"":""BOLD"",""fontWeightValue"":700}]}},{""type"":""TEXT"",""id"":"""",""nodes"":[],""textData"":{""text"":"": During signup, you'll be asked to provide:"",""decorations"":[]}}],""type"":""PARAGRAPH""},{""type"":""BULLETED_LIST"",""id"":""e3z8k5957"",""nodes"":[{""type"":""LIST_ITEM"",""id"":""ej0wj5958"",""nodes"":[{""type"":""PARAGRAPH"",""id"":""uwlpo5959"",""nodes"":[{""type"":""TEXT"",""id"":"""",""nodes"":[],""textData"":{""text"":""Full Name"",""decorations"":[]}}],""paragraphData"":{}}]},{""type"":""LIST_ITEM"",""id"":""t7vx15961"",""nodes"":[{""type"":""PARAGRAPH"",""id"":""3sd6v5962"",""nodes"":[{""type"":""TEXT"",""id"":"""",""nodes"":[],""textData"":{""text"":""Email Address"",""decorations"":[]}}],""paragraphData"":{}}]},{""type"":""LIST_ITEM"",""id"":""bfjat5964"",""nodes"":[{""type"":""PARAGRAPH"",""id"":""7shev5965"",""nodes"":[{""type"":""TEXT"",""id"":"""",""nodes"":[],""textData"":{""text"":""Password"",""decorations"":[]}}],""paragraphData"":{}}]},{""type"":""LIST_ITEM"",""id"":""1wt815967"",""nodes"":[{""type"":""PARAGRAPH"",""id"":""evfj95968"",""nodes"":[{""type"":""TEXT"",""id"":"""",""nodes"":[],""textData"":{""text"":""Job Title (select from dropdown)"",""decorations"":[]}}],""paragraphData"":{}}]},{""type"":""LIST_ITEM"",""id"":""uwr595970"",""nodes"":[{""type"":""PARAGRAPH"",""id"":""oxqte5971"",""nodes"":[{""type"":""TEXT"",""id"":"""",""nodes"":[],""textData"":{""text"":""Industry (select from dropdown)"",""decorations"":[]}}],""paragraphData"":{}}]},{""type"":""LIST_ITEM"",""id"":""c9a1x5973"",""nodes"":[{""type"":""PARAGRAPH"",""id"":""e3s3a5974"",""nodes"":[{""type"":""TEXT"",""id"":"""",""nodes"":[],""textData"":{""text"":""Company Size (select from dropdown)"",""decorations"":[]}}],""paragraphData"":{}}]},{""type"":""LIST_ITEM"",""id"":""xox7j5976"",""nodes"":[{""type"":""PARAGRAPH"",""id"":""jynqi5977"",""nodes"":[{""type"":""TEXT"",""id"":"""",""nodes"":[],""textData"":{""text"":""Country (select from dropdown)"",""decorations"":[]}}],""paragraphData"":{}}]}],""bulletedListData"":{""indentation"":0}},{""paragraphData"":{""textStyle"":{""textAlignment"":""AUTO""}},""style"":{},""id"":""1vcmy5979"",""nodes"":[{""type"":""TEXT"",""id"":"""",""nodes"":[],""textData"":{""text"":""Why profile information matters"",""decorations"":[{""type"":""BOLD"",""fontWeightValue"":700}]}},{""type"":""TEXT"",""id"":"""",""nodes"":[],""textData"":{""text"":"": Your profile data ensures that AI-generated insights, recommendations, and benchmarks are personalized to your role, industry, and organization size."",""decorations"":[]}}],""type"":""PARAGRAPH""},{""paragraphData"":{""textStyle"":{""textAlignment"":""AUTO""}},""style"":{},""id"":""46fya5982"",""nodes"":[{""type"":""TEXT"",""id"":"""",""nodes"":[],""textData"":{""text"":""3. "",""decorations"":[]}},{""type"":""TEXT"",""id"":"""",""nodes"":[],""textData"":{""text"":""Verify Your Email"",""decorations"":[{""type"":""BOLD"",""fontWeightValue"":700}]}},{""type"":""TEXT"",""id"":"""",""nodes"":[],""textData"":{""text"":"": Check your inbox for a verification email and click the confirmation link"",""decorations"":[]}}],""type"":""PARAGRAPH""},{""paragraphData"":{""textStyle"":{""textAlignment"":""AUTO""}},""style"":{},""id"":""pb0hk5986"",""nodes"":[],""type"":""PARAGRAPH""},{""style"":{},""id"":""s4zrh5987"",""nodes"":[{""type"":""TEXT"",""id"":"""",""nodes"":[],""textData"":{""text"":""Logging In"",""decorations"":[]}}],""headingData"":{""level"":3,""textStyle"":{""textAlignment"":""AUTO""}},""type"":""HEADING""},{""paragraphData"":{""textStyle"":{""textAlignment"":""AUTO""}},""style"":{},""id"":""fuoxt5989"",""nodes"":[{""type"":""TEXT"",""id"":"""",""nodes"":[],""textData"":{""text"":""1. Navigate to the login page"",""decorations"":[]}}],""type"":""PARAGRAPH""},{""paragraphData"":{""textStyle"":{""textAlignment"":""AUTO""}},""style"":{},""id"":""fpauo5991"",""nodes"":[{""type"":""TEXT"",""id"":"""",""nodes"":[],""textData"":{""text"":""2. Enter your email and password"",""decorations"":[]}}],""type"":""PARAGRAPH""},{""paragraphData"":{""textStyle"":{""textAlignment"":""AUTO""}},""style"":{},""id"":""19c315993"",""nodes"":[{""type"":""TEXT"",""id"":"""",""nodes"":[],""textData"":{""text"":""3. Click \""Log In\"""",""decorations"":[]}}],""type"":""PARAGRAPH""},{""paragraphData"":{""textStyle"":{""textAlignment"":""AUTO""}},""style"":{},""id"":""bdqvx5995"",""nodes"":[{""type"":""TEXT"",""id"":"""",""nodes"":[],""textData"":{""text"":"" "",""decorations"":[]}}],""type"":""PARAGRAPH""},{""style"":{},""id"":""tcqnk5997"",""nodes"":[{""type"":""TEXT"",""id"":"""",""nodes"":[],""textData"":{""text"":""Taking an Assessment"",""decorations"":[]}}],""headingData"":{""level"":2,""textStyle"":{""textAlignment"":""AUTO""}},""type"":""HEADING""},{""style"":{},""id"":""tvhon5999"",""nodes"":[{""type"":""TEXT"",""id"":"""",""nodes"":[],""textData"":{""text"":""Starting an Assessment"",""decorations"":[]}}],""headingData"":{""level"":3,""textStyle"":{""textAlignment"":""AUTO""}},""type"":""HEADING""},{""paragraphData"":{""textStyle"":{""textAlignment"":""AUTO""}},""style"":{},""id"":""q83s76001"",""nodes"":[{""type"":""TEXT"",""id"":"""",""nodes"":[],""textData"":{""text"":""1. "",""decorations"":[]}},{""type"":""TEXT"",""id"":"""",""nodes"":[],""textData"":{""text"":""Browse Available Models:"",""decorations"":[{""type"":""BOLD"",""fontWeightValue"":700}]}},{""type"":""TEXT"",""id"":"""",""nodes"":[],""textData"":{""text"":"" From the homepage, you'll see all available maturity assessment models"",""decorations"":[]}}],""type"":""PARAGRAPH""},{""paragraphData"":{""textStyle"":{""textAlignment"":""AUTO""}},""style"":{},""id"":""x1giq6005"",""nodes"":[{""type"":""TEXT"",""id"":"""",""nodes"":[],""textData"":{""text"":""2. "",""decorations"":[]}},{""type"":""TEXT"",""id"":"""",""nodes"":[],""textData"":{""text"":""Select a Model"",""decorations"":[{""type"":""BOLD"",""fontWeightValue"":700}]}},{""type"":""TEXT"",""id"":"""",""nodes"":[],""textData"":{""text"":"": Click on any model card to view details, or click \""Start Assessment\"" to begin"",""decorations"":[]}}],""type"":""PARAGRAPH""},{""paragraphData"":{""textStyle"":{""textAlignment"":""AUTO""}},""style"":{},""id"":""nk6x66009"",""nodes"":[],""type"":""PARAGRAPH""},{""paragraphData"":{""textStyle"":{""textAlignment"":""AUTO""}},""style"":{},""id"":""iogdn6010"",""nodes"":[{""type"":""TEXT"",""id"":"""",""nodes"":[],""textData"":{""text"":""3. "",""decorations"":[]}},{""type"":""TEXT"",""id"":"""",""nodes"":[],""textData"":{""text"":""Review Model Information"",""decorations"":[{""type"":""BOLD"",""fontWeightValue"":700}]}},{""type"":""TEXT"",""id"":"""",""nodes"":[],""textData"":{""text"":"": Each model shows:"",""decorations"":[]}}],""type"":""PARAGRAPH""},{""type"":""BULLETED_LIST"",""id"":""gkzah6014"",""nodes"":[{""type"":""LIST_ITEM"",""id"":""qmmck6015"",""nodes"":[{""type"":""PARAGRAPH"",""id"":""kjypw6016"",""nodes"":[{""type"":""TEXT"",""id"":"""",""nodes"":[],""textData"":{""text"":""Model name and description"",""decorations"":[]}}],""paragraphData"":{}}]},{""type"":""LIST_ITEM"",""id"":""1zjkj6018"",""nodes"":[{""type"":""PARAGRAPH"",""id"":""mp6i96019"",""nodes"":[{""type"":""TEXT"",""id"":"""",""nodes"":[],""textData"":{""text"":""Number of questions"",""decorations"":[]}}],""paragraphData"":{}}]},{""type"":""LIST_ITEM"",""id"":""dhsef6021"",""nodes"":[{""type"":""PARAGRAPH"",""id"":""yxdoq6022"",""nodes"":[{""type"":""TEXT"",""id"":"""",""nodes"":[],""textData"":{""text"":""Estimated completion time"",""decorations"":[]}}],""paragraphData"":{}}]},{""type"":""LIST_ITEM"",""id"":""olxmd6024"",""nodes"":[{""type"":""PARAGRAPH"",""id"":""prqr86025"",""nodes"":[{""type"":""TEXT"",""id"":"""",""nodes"":[],""textData"":{""text"":""Assessment dimensions (key areas being evaluated)"",""decorations"":[]}}],""paragraphData"":{}}]}],""bulletedListData"":{""indentation"":0}},{""style"":{},""id"":""psfrq6027"",""nodes"":[{""type"":""TEXT"",""id"":"""",""nodes"":[],""textData"":{""text"":""Completing the Assessment"",""decorations"":[]}}],""headingData"":{""level"":3,""textStyle"":{""textAlignment"":""AUTO""}},""type"":""HEADING""},{""paragraphData"":{""textStyle"":{""textAlignment"":""AUTO""}},""style"":{},""id"":""rs4xn6029"",""nodes"":[{""type"":""TEXT"",""id"":"""",""nodes"":[],""textData"":{""text"":""1. "",""decorations"":[]}},{""type"":""TEXT"",""id"":"""",""nodes"":[],""textData"":{""text"":""Answer Questions"",""decorations"":[{""type"":""BOLD"",""fontWeightValue"":700}]}},{""type"":""TEXT"",""id"":"""",""nodes"":[],""textData"":{""text"":"": Progress through the assessment wizard by answering each question"",""decorations"":[]}}],""type"":""PARAGRAPH""},{""paragraphData"":{""textStyle"":{""textAlignment"":""AUTO""}},""style"":{},""id"":""2vkfa6033"",""nodes"":[{""type"":""TEXT"",""id"":"""",""nodes"":[],""textData"":{""text"":""2. "",""decorations"":[]}},{""type"":""TEXT"",""id"":"""",""nodes"":[],""textData"":{""text"":""Navigate"",""decorations"":[{""type"":""BOLD"",""fontWeightValue"":700}]}},{""type"":""TEXT"",""id"":"""",""nodes"":[],""textData"":{""text"":"": Use \""Next\"" to move forward or \""Back\"" to review previous answers"",""decorations"":[]}}],""type"":""PARAGRAPH""},{""paragraphData"":{""textStyle"":{""textAlignment"":""AUTO""}},""style"":{},""id"":""vpsat6037"",""nodes"":[{""type"":""TEXT"",""id"":"""",""nodes"":[],""textData"":{""text"":""3. "",""decorations"":[]}},{""type"":""TEXT"",""id"":"""",""nodes"":[],""textData"":{""text"":""Auto-Save"",""decorations"":[{""type"":""BOLD"",""fontWeightValue"":700}]}},{""type"":""TEXT"",""id"":"""",""nodes"":[],""textData"":{""text"":"": Don't worry about losing your work—your responses are saved automatically"",""decorations"":[]}}],""type"":""PARAGRAPH""},{""style"":{},""id"":""in9756041"",""nodes"":[{""type"":""TEXT"",""id"":"""",""nodes"":[],""textData"":{""text"":""Anonymous Assessments"",""decorations"":[]}}],""headingData"":{""level"":3,""textStyle"":{""textAlignment"":""AUTO""}},""type"":""HEADING""},{""paragraphData"":{""textStyle"":{""textAlignment"":""AUTO""}},""style"":{},""id"":""83kfi6043"",""nodes"":[{""type"":""TEXT"",""id"":"""",""nodes"":[],""textData"":{""text"":""You can start assessments without creating an account:"",""decorations"":[]}}],""type"":""PARAGRAPH""},{""paragraphData"":{""textStyle"":{""textAlignment"":""AUTO""}},""style"":{},""id"":""y4onq6045"",""nodes"":[{""type"":""TEXT"",""id"":"""",""nodes"":[],""textData"":{""text"":""●      Navigate to any model and begin the assessment"",""decorations"":[]}}],""type"":""PARAGRAPH""},{""paragraphData"":{""textStyle"":{""textAlignment"":""AUTO""}},""style"":{},""id"":""4fvxq6047"",""nodes"":[{""type"":""TEXT"",""id"":"""",""nodes"":[],""textData"":{""text"":""●      Complete all questions"",""decorations"":[]}}],""type"":""PARAGRAPH""},{""paragraphData"":{""textStyle"":{""textAlignment"":""AUTO""}},""style"":{},""id"":""s7eny6049"",""nodes"":[{""type"":""TEXT"",""id"":"""",""nodes"":[],""textData"":{""text"":""●      View basic results"",""decorations"":[]}}],""type"":""PARAGRAPH""},{""paragraphData"":{""textStyle"":{""textAlignment"":""AUTO""}},""style"":{},""id"":""huehh6051"",""nodes"":[{""type"":""TEXT"",""id"":"""",""nodes"":[],""textData"":{""text"":""Pro tip"",""decorations"":[{""type"":""BOLD"",""fontWeightValue"":700}]}},{""type"":""TEXT"",""id"":"""",""nodes"":[],""textData"":{""text"":"": Create a free account to unlock:"",""decorations"":[]}}],""type"":""PARAGRAPH""},{""paragraphData"":{""textStyle"":{""textAlignment"":""AUTO""}},""style"":{},""id"":""vrovp6054"",""nodes"":[{""type"":""TEXT"",""id"":"""",""nodes"":[],""textData"":{""text"":""●      AI-powered personalized insights"",""decorations"":[]}}],""type"":""PARAGRAPH""},{""paragraphData"":{""textStyle"":{""textAlignment"":""AUTO""}},""style"":{},""id"":""l8d4r6056"",""nodes"":[{""type"":""TEXT"",""id"":"""",""nodes"":[],""textData"":{""text"":""●      Benchmarking against industry peers"",""decorations"":[]}}],""type"":""PARAGRAPH""},{""paragraphData"":{""textStyle"":{""textAlignment"":""AUTO""}},""style"":{},""id"":""z6nnn6058"",""nodes"":[{""type"":""TEXT"",""id"":"""",""nodes"":[],""textData"":{""text"":""●      Saved assessment history"",""decorations"":[]}}],""type"":""PARAGRAPH""},{""paragraphData"":{""textStyle"":{""textAlignment"":""AUTO""}},""style"":{},""id"":""sq0ot6060"",""nodes"":[{""type"":""TEXT"",""id"":"""",""nodes"":[],""textData"":{""text"":""●      Email delivery of PDF reports"",""decorations"":[]}}],""type"":""PARAGRAPH""},{""paragraphData"":{""textStyle"":{""textAlignment"":""AUTO""}},""style"":{},""id"":""j9q4a6062"",""nodes"":[{""type"":""TEXT"",""id"":"""",""nodes"":[],""textData"":{""text"":"" "",""decorations"":[]}}],""type"":""PARAGRAPH""},{""style"":{},""id"":""giei16064"",""nodes"":[{""type"":""TEXT"",""id"":"""",""nodes"":[],""textData"":{""text"":""Understanding Your Results"",""decorations"":[]}}],""headingData"":{""level"":2,""textStyle"":{""textAlignment"":""AUTO""}},""type"":""HEADING""},{""style"":{},""id"":""t5hok6066"",""nodes"":[{""type"":""TEXT"",""id"":"""",""nodes"":[],""textData"":{""text"":""Overall Maturity Score"",""decorations"":[]}}],""headingData"":{""level"":3,""textStyle"":{""textAlignment"":""AUTO""}},""type"":""HEADING""},{""paragraphData"":{""textStyle"":{""textAlignment"":""AUTO""}},""style"":{},""id"":""iadq86068"",""nodes"":[{""type"":""TEXT"",""id"":"""",""nodes"":[],""textData"":{""text"":""Your total score (out of 500) indicates your organization's overall maturity level: (Level may vary based on model”"",""decorations"":[]}}],""type"":""PARAGRAPH""},{""paragraphData"":{""textStyle"":{""textAlignment"":""AUTO""}},""style"":{},""id"":""dzvq66070"",""nodes"":[{""type"":""TEXT"",""id"":"""",""nodes"":[],""textData"":{""text"":""●      "",""decorations"":[]}},{""type"":""TEXT"",""id"":"""",""nodes"":[],""textData"":{""text"":""0-99"",""decorations"":[{""type"":""BOLD"",""fontWeightValue"":700}]}},{""type"":""TEXT"",""id"":"""",""nodes"":[],""textData"":{""text"":"": Initial/Ad-Hoc"",""decorations"":[]}}],""type"":""PARAGRAPH""},{""paragraphData"":{""textStyle"":{""textAlignment"":""AUTO""}},""style"":{},""id"":""qyprn6074"",""nodes"":[{""type"":""TEXT"",""id"":"""",""nodes"":[],""textData"":{""text"":""●      "",""decorations"":[]}},{""type"":""TEXT"",""id"":"""",""nodes"":[],""textData"":{""text"":""100-199"",""decorations"":[{""type"":""BOLD"",""fontWeightValue"":700}]}},{""type"":""TEXT"",""id"":"""",""nodes"":[],""textData"":{""text"":"": Developing"",""decorations"":[]}}],""type"":""PARAGRAPH""},{""paragraphData"":{""textStyle"":{""textAlignment"":""AUTO""}},""style"":{},""id"":""86le76078"",""nodes"":[{""type"":""TEXT"",""id"":"""",""nodes"":[],""textData"":{""text"":""●      "",""decorations"":[]}},{""type"":""TEXT"",""id"":"""",""nodes"":[],""textData"":{""text"":""200-299"",""decorations"":[{""type"":""BOLD"",""fontWeightValue"":700}]}},{""type"":""TEXT"",""id"":"""",""nodes"":[],""textData"":{""text"":"": Defined"",""decorations"":[]}}],""type"":""PARAGRAPH""},{""paragraphData"":{""textStyle"":{""textAlignment"":""AUTO""}},""style"":{},""id"":""1nfxt6082"",""nodes"":[{""type"":""TEXT"",""id"":"""",""nodes"":[],""textData"":{""text"":""●      "",""decorations"":[]}},{""type"":""TEXT"",""id"":"""",""nodes"":[],""textData"":{""text"":""300-399"",""decorations"":[{""type"":""BOLD"",""fontWeightValue"":700}]}},{""type"":""TEXT"",""id"":"""",""nodes"":[],""textData"":{""text"":"": Managed"",""decorations"":[]}}],""type"":""PARAGRAPH""},{""paragraphData"":{""textStyle"":{""textAlignment"":""AUTO""}},""style"":{},""id"":""i6t9q6086"",""nodes"":[{""type"":""TEXT"",""id"":"""",""nodes"":[],""textData"":{""text"":""●      "",""decorations"":[]}},{""type"":""TEXT"",""id"":"""",""nodes"":[],""textData"":{""text"":""400-500"",""decorations"":[{""type"":""BOLD"",""fontWeightValue"":700}]}},{""type"":""TEXT"",""id"":"""",""nodes"":[],""textData"":{""text"":"": Optimized"",""decorations"":[]}}],""type"":""PARAGRAPH""},{""paragraphData"":{""textStyle"":{""textAlignment"":""AUTO""}},""style"":{},""id"":""r7hgd7699"",""nodes"":[],""type"":""PARAGRAPH""},{""type"":""IMAGE"",""id"":""ggb1z8109"",""nodes"":[],""imageData"":{""containerData"":{""width"":{""size"":""CONTENT""},""alignment"":""CENTER"",""textWrap"":true},""image"":{""src"":{""id"":""b805ce_59036c63308c43158a1e297d8dd2919b~mv2.jpg""},""width"":1693,""height"":1678}}},{""style"":{},""id"":""liamq6090"",""nodes"":[{""type"":""TEXT"",""id"":"""",""nodes"":[],""textData"":{""text"":""Dimension Scores"",""decorations"":[]}}],""headingData"":{""level"":3,""textStyle"":{""textAlignment"":""AUTO""}},""type"":""HEADING""},{""paragraphData"":{""textStyle"":{""textAlignment"":""AUTO""}},""style"":{},""id"":""9hiu96092"",""nodes"":[{""type"":""TEXT"",""id"":"""",""nodes"":[],""textData"":{""text"":""Each assessment evaluates multiple dimensions (e.g., Strategy & Leadership, Data & Infrastructure). You'll see:"",""decorations"":[]}}],""type"":""PARAGRAPH""},{""paragraphData"":{""textStyle"":{""textAlignment"":""AUTO""}},""style"":{},""id"":""zc2av6094"",""nodes"":[{""type"":""TEXT"",""id"":"""",""nodes"":[],""textData"":{""text"":""●      Individual scores for each dimension"",""decorations"":[]}}],""type"":""PARAGRAPH""},{""paragraphData"":{""textStyle"":{""textAlignment"":""AUTO""}},""style"":{},""id"":""kd7xp6096"",""nodes"":[{""type"":""TEXT"",""id"":"""",""nodes"":[],""textData"":{""text"":""●      Maturity level for each area"",""decorations"":[]}}],""type"":""PARAGRAPH""},{""paragraphData"":{""textStyle"":{""textAlignment"":""AUTO""}},""style"":{},""id"":""9tmjs6098"",""nodes"":[{""type"":""TEXT"",""id"":"""",""nodes"":[],""textData"":{""text"":""●      Visual chart showing your strengths and opportunities"",""decorations"":[]}}],""type"":""PARAGRAPH""},{""style"":{},""id"":""yl3wi6100"",""nodes"":[{""type"":""TEXT"",""id"":"""",""nodes"":[],""textData"":{""text"":""Benchmarking"",""decorations"":[]}}],""headingData"":{""level"":3,""textStyle"":{""textAlignment"":""AUTO""}},""type"":""HEADING""},{""paragraphData"":{""textStyle"":{""textAlignment"":""AUTO""}},""style"":{},""id"":""stk5a6102"",""nodes"":[{""type"":""TEXT"",""id"":"""",""nodes"":[],""textData"":{""text"":""Compare your scores against:"",""decorations"":[]}}],""type"":""PARAGRAPH""},{""paragraphData"":{""textStyle"":{""textAlignment"":""AUTO""}},""style"":{},""id"":""7ekv46104"",""nodes"":[{""type"":""TEXT"",""id"":"""",""nodes"":[],""textData"":{""text"":""●      Overall average across all organizations"",""decorations"":[]}}],""type"":""PARAGRAPH""},{""paragraphData"":{""textStyle"":{""textAlignment"":""AUTO""}},""style"":{},""id"":""1tstj6106"",""nodes"":[{""type"":""TEXT"",""id"":"""",""nodes"":[],""textData"":{""text"":""●      Industry-specific benchmarks"",""decorations"":[]}}],""type"":""PARAGRAPH""},{""paragraphData"":{""textStyle"":{""textAlignment"":""AUTO""}},""style"":{},""id"":""oqh6j6108"",""nodes"":[{""type"":""TEXT"",""id"":"""",""nodes"":[],""textData"":{""text"":""●      Company size benchmarks"",""decorations"":[]}}],""type"":""PARAGRAPH""},{""paragraphData"":{""textStyle"":{""textAlignment"":""AUTO""}},""style"":{},""id"":""kw52p6110"",""nodes"":[{""type"":""TEXT"",""id"":"""",""nodes"":[],""textData"":{""text"":""●      Country benchmarks"",""decorations"":[]}}],""type"":""PARAGRAPH""},{""paragraphData"":{""textStyle"":{""textAlignment"":""AUTO""}},""style"":{},""id"":""qhrkp6112"",""nodes"":[{""type"":""TEXT"",""id"":"""",""nodes"":[],""textData"":{""text"":""●      Combined segments (e.g., your industry + company size)"",""decorations"":[]}}],""type"":""PARAGRAPH""},{""paragraphData"":{""textStyle"":{""textAlignment"":""AUTO""}},""style"":{},""id"":""0i5eh6114"",""nodes"":[{""type"":""TEXT"",""id"":"""",""nodes"":[],""textData"":{""text"":""Note"",""decorations"":[{""type"":""BOLD"",""fontWeightValue"":700}]}},{""type"":""TEXT"",""id"":"""",""nodes"":[],""textData"":{""text"":"": Benchmarks require a minimum number of assessments to ensure statistical validity. If a benchmark isn't available, it means there aren't enough data points yet."",""decorations"":[]}}],""type"":""PARAGRAPH""},{""style"":{},""id"":""dflmb6117"",""nodes"":[{""type"":""TEXT"",""id"":"""",""nodes"":[],""textData"":{""text"":""AI-Powered Insights (Registered Users Only)"",""decorations"":[]}}],""headingData"":{""level"":3,""textStyle"":{""textAlignment"":""AUTO""}},""type"":""HEADING""},{""paragraphData"":{""textStyle"":{""textAlignment"":""AUTO""}},""style"":{},""id"":""pi2uq6119"",""nodes"":[{""type"":""TEXT"",""id"":"""",""nodes"":[],""textData"":{""text"":""When logged in, you'll receive:"",""decorations"":[]}}],""type"":""PARAGRAPH""},{""paragraphData"":{""textStyle"":{""textAlignment"":""AUTO""}},""style"":{},""id"":""p49n16121"",""nodes"":[{""type"":""TEXT"",""id"":"""",""nodes"":[],""textData"":{""text"":""Executive Summary"",""decorations"":[{""type"":""BOLD"",""fontWeightValue"":700}]}}],""type"":""PARAGRAPH""},{""paragraphData"":{""textStyle"":{""textAlignment"":""AUTO""}},""style"":{},""id"":""jbn146123"",""nodes"":[{""type"":""TEXT"",""id"":"""",""nodes"":[],""textData"":{""text"":""●      Personalized analysis of your maturity level"",""decorations"":[]}}],""type"":""PARAGRAPH""},{""paragraphData"":{""textStyle"":{""textAlignment"":""AUTO""}},""style"":{},""id"":""hxlkr6125"",""nodes"":[{""type"":""TEXT"",""id"":"""",""nodes"":[],""textData"":{""text"":""●      Context specific to your role, industry, and company size"",""decorations"":[]}}],""type"":""PARAGRAPH""},{""paragraphData"":{""textStyle"":{""textAlignment"":""AUTO""}},""style"":{},""id"":""p52hm6127"",""nodes"":[{""type"":""TEXT"",""id"":"""",""nodes"":[],""textData"":{""text"":""●      Key strengths and improvement areas"",""decorations"":[]}}],""type"":""PARAGRAPH""},{""paragraphData"":{""textStyle"":{""textAlignment"":""AUTO""}},""style"":{},""id"":""a70ij6129"",""nodes"":[{""type"":""TEXT"",""id"":"""",""nodes"":[],""textData"":{""text"":""Dimension Interpretations"",""decorations"":[{""type"":""BOLD"",""fontWeightValue"":700}]}}],""type"":""PARAGRAPH""},{""paragraphData"":{""textStyle"":{""textAlignment"":""AUTO""}},""style"":{},""id"":""oty846131"",""nodes"":[{""type"":""TEXT"",""id"":"""",""nodes"":[],""textData"":{""text"":""●      Detailed analysis of each dimension score"",""decorations"":[]}}],""type"":""PARAGRAPH""},{""paragraphData"":{""textStyle"":{""textAlignment"":""AUTO""}},""style"":{},""id"":""iyqe26133"",""nodes"":[{""type"":""TEXT"",""id"":"""",""nodes"":[],""textData"":{""text"":""●      What your score means for your organization"",""decorations"":[]}}],""type"":""PARAGRAPH""},{""paragraphData"":{""textStyle"":{""textAlignment"":""AUTO""}},""style"":{},""id"":""e0j4l6135"",""nodes"":[{""type"":""TEXT"",""id"":"""",""nodes"":[],""textData"":{""text"":""●      Specific challenges and opportunities"",""decorations"":[]}}],""type"":""PARAGRAPH""},{""paragraphData"":{""textStyle"":{""textAlignment"":""AUTO""}},""style"":{},""id"":""j2qu86137"",""nodes"":[{""type"":""TEXT"",""id"":"""",""nodes"":[],""textData"":{""text"":""Transformation Roadmap"",""decorations"":[{""type"":""BOLD"",""fontWeightValue"":700}]}}],""type"":""PARAGRAPH""},{""paragraphData"":{""textStyle"":{""textAlignment"":""AUTO""}},""style"":{},""id"":""ggz1e6139"",""nodes"":[{""type"":""TEXT"",""id"":"""",""nodes"":[],""textData"":{""text"":""●      Strategic priorities for your transformation journey"",""decorations"":[]}}],""type"":""PARAGRAPH""},{""paragraphData"":{""textStyle"":{""textAlignment"":""AUTO""}},""style"":{},""id"":""9p3h66141"",""nodes"":[{""type"":""TEXT"",""id"":"""",""nodes"":[],""textData"":{""text"":""●      Phased approach to improvement"",""decorations"":[]}}],""type"":""PARAGRAPH""},{""paragraphData"":{""textStyle"":{""textAlignment"":""AUTO""}},""style"":{},""id"":""gs0fh6143"",""nodes"":[{""type"":""TEXT"",""id"":"""",""nodes"":[],""textData"":{""text"":""●      Quick wins and long-term initiatives"",""decorations"":[]}}],""type"":""PARAGRAPH""},{""paragraphData"":{""textStyle"":{""textAlignment"":""AUTO""}},""style"":{},""id"":""72mz76145"",""nodes"":[{""type"":""TEXT"",""id"":"""",""nodes"":[],""textData"":{""text"":""Personalized Recommendations"",""decorations"":[{""type"":""BOLD"",""fontWeightValue"":700}]}}],""type"":""PARAGRAPH""},{""paragraphData"":{""textStyle"":{""textAlignment"":""AUTO""}},""style"":{},""id"":""4wplw6147"",""nodes"":[{""type"":""TEXT"",""id"":"""",""nodes"":[],""textData"":{""text"":""●      3-5 actionable recommendations prioritized by impact"",""decorations"":[]}}],""type"":""PARAGRAPH""},{""paragraphData"":{""textStyle"":{""textAlignment"":""AUTO""}},""style"":{},""id"":""85ww96149"",""nodes"":[{""type"":""TEXT"",""id"":"""",""nodes"":[],""textData"":{""text"":""●      Specific next steps for each recommendation"",""decorations"":[]}}],""type"":""PARAGRAPH""},{""paragraphData"":{""textStyle"":{""textAlignment"":""AUTO""}},""style"":{},""id"":""1d68h6151"",""nodes"":[{""type"":""TEXT"",""id"":"""",""nodes"":[],""textData"":{""text"":""●      Expected outcomes and resource suggestions"",""decorations"":[]}}],""type"":""PARAGRAPH""},{""style"":{},""id"":""yfxa96153"",""nodes"":[{""type"":""TEXT"",""id"":"""",""nodes"":[],""textData"":{""text"":""Downloading Your PDF Report"",""decorations"":[]}}],""headingData"":{""level"":3,""textStyle"":{""textAlignment"":""AUTO""}},""type"":""HEADING""},{""paragraphData"":{""textStyle"":{""textAlignment"":""AUTO""}},""style"":{},""id"":""kkkkh6155"",""nodes"":[{""type"":""TEXT"",""id"":"""",""nodes"":[],""textData"":{""text"":""1. Scroll to the \""Download Your Results\"" section on the results page"",""decorations"":[]}}],""type"":""PARAGRAPH""},{""paragraphData"":{""textStyle"":{""textAlignment"":""AUTO""}},""style"":{},""id"":""9ggpw6157"",""nodes"":[{""type"":""TEXT"",""id"":"""",""nodes"":[],""textData"":{""text"":""2. Click \""Download PDF Report\"""",""decorations"":[]}}],""type"":""PARAGRAPH""},{""paragraphData"":{""textStyle"":{""textAlignment"":""AUTO""}},""style"":{},""id"":""byn266159"",""nodes"":[{""type"":""TEXT"",""id"":"""",""nodes"":[],""textData"":{""text"":""3. Check your email for the PDF delivery (if logged in)"",""decorations"":[]}}],""type"":""PARAGRAPH""},{""paragraphData"":{""textStyle"":{""textAlignment"":""AUTO""}},""style"":{},""id"":""hp5gi6161"",""nodes"":[{""type"":""TEXT"",""id"":"""",""nodes"":[],""textData"":{""text"":""4. The PDF includes all insights, recommendations, and benchmark comparisons"",""decorations"":[]}}],""type"":""PARAGRAPH""},{""paragraphData"":{""textStyle"":{""textAlignment"":""AUTO""}},""style"":{},""id"":""93mfw6163"",""nodes"":[{""type"":""TEXT"",""id"":"""",""nodes"":[],""textData"":{""text"":"" "",""decorations"":[]}}],""type"":""PARAGRAPH""},{""style"":{},""id"":""h724f6165"",""nodes"":[{""type"":""TEXT"",""id"":"""",""nodes"":[],""textData"":{""text"":""Managing Your Profile"",""decorations"":[]}}],""headingData"":{""level"":2,""textStyle"":{""textAlignment"":""AUTO""}},""type"":""HEADING""},{""style"":{},""id"":""az4ux6167"",""nodes"":[{""type"":""TEXT"",""id"":"""",""nodes"":[],""textData"":{""text"":""Editing Your Profile"",""decorations"":[]}}],""headingData"":{""level"":3,""textStyle"":{""textAlignment"":""AUTO""}},""type"":""HEADING""},{""paragraphData"":{""textStyle"":{""textAlignment"":""AUTO""}},""style"":{},""id"":""ov0m56169"",""nodes"":[{""type"":""TEXT"",""id"":"""",""nodes"":[],""textData"":{""text"":""1. Navigate to your Profile page (click your name in the header)"",""decorations"":[]}}],""type"":""PARAGRAPH""},{""paragraphData"":{""textStyle"":{""textAlignment"":""AUTO""}},""style"":{},""id"":""jjmod6171"",""nodes"":[{""type"":""TEXT"",""id"":"""",""nodes"":[],""textData"":{""text"":""2. Click \""Edit Profile\"""",""decorations"":[]}}],""type"":""PARAGRAPH""},{""paragraphData"":{""textStyle"":{""textAlignment"":""AUTO""}},""style"":{},""id"":""j24x26173"",""nodes"":[{""type"":""TEXT"",""id"":"""",""nodes"":[],""textData"":{""text"":""3. Update any information:"",""decorations"":[]}}],""type"":""PARAGRAPH""},{""paragraphData"":{""textStyle"":{""textAlignment"":""AUTO""}},""style"":{},""id"":""b37x76175"",""nodes"":[{""type"":""TEXT"",""id"":"""",""nodes"":[],""textData"":{""text"":""4. Click \""Save Changes\"""",""decorations"":[]}}],""type"":""PARAGRAPH""},{""paragraphData"":{""textStyle"":{""textAlignment"":""AUTO""}},""style"":{},""id"":""fi4fh6177"",""nodes"":[{""type"":""TEXT"",""id"":"""",""nodes"":[],""textData"":{""text"":""Important"",""decorations"":[{""type"":""BOLD"",""fontWeightValue"":700}]}},{""type"":""TEXT"",""id"":"""",""nodes"":[],""textData"":{""text"":"": Updated profile information improves the personalization of future AI insights and ensures accurate benchmarking."",""decorations"":[]}}],""type"":""PARAGRAPH""},{""style"":{},""id"":""muv1p6180"",""nodes"":[{""type"":""TEXT"",""id"":"""",""nodes"":[],""textData"":{""text"":""Changing Your Password"",""decorations"":[]}}],""headingData"":{""level"":3,""textStyle"":{""textAlignment"":""AUTO""}},""type"":""HEADING""},{""paragraphData"":{""textStyle"":{""textAlignment"":""AUTO""}},""style"":{},""id"":""0kcim6182"",""nodes"":[{""type"":""TEXT"",""id"":"""",""nodes"":[],""textData"":{""text"":""1. Go to your Profile page"",""decorations"":[]}}],""type"":""PARAGRAPH""},{""paragraphData"":{""textStyle"":{""textAlignment"":""AUTO""}},""style"":{},""id"":""ijlij6184"",""nodes"":[{""type"":""TEXT"",""id"":"""",""nodes"":[],""textData"":{""text"":""2. Click \""Edit Profile\"""",""decorations"":[]}}],""type"":""PARAGRAPH""},{""paragraphData"":{""textStyle"":{""textAlignment"":""AUTO""}},""style"":{},""id"":""sakie6186"",""nodes"":[{""type"":""TEXT"",""id"":"""",""nodes"":[],""textData"":{""text"":""3. Scroll to the password section"",""decorations"":[]}}],""type"":""PARAGRAPH""},{""paragraphData"":{""textStyle"":{""textAlignment"":""AUTO""}},""style"":{},""id"":""ofrmr6188"",""nodes"":[{""type"":""TEXT"",""id"":"""",""nodes"":[],""textData"":{""text"":""4. Enter your current password"",""decorations"":[]}}],""type"":""PARAGRAPH""},{""paragraphData"":{""textStyle"":{""textAlignment"":""AUTO""}},""style"":{},""id"":""xas7o6190"",""nodes"":[{""type"":""TEXT"",""id"":"""",""nodes"":[],""textData"":{""text"":""5. Enter and confirm your new password"",""decorations"":[]}}],""type"":""PARAGRAPH""},{""paragraphData"":{""textStyle"":{""textAlignment"":""AUTO""}},""style"":{},""id"":""x2w3i6192"",""nodes"":[{""type"":""TEXT"",""id"":"""",""nodes"":[],""textData"":{""text"":""6. Click \""Save Changes\"""",""decorations"":[]}}],""type"":""PARAGRAPH""},{""paragraphData"":{""textStyle"":{""textAlignment"":""AUTO""}},""style"":{},""id"":""h7vcy6194"",""nodes"":[{""type"":""TEXT"",""id"":"""",""nodes"":[],""textData"":{""text"":"" "",""decorations"":[]}}],""type"":""PARAGRAPH""},{""style"":{},""id"":""3iixb6196"",""nodes"":[{""type"":""TEXT"",""id"":"""",""nodes"":[],""textData"":{""text"":""Assessment History"",""decorations"":[]}}],""headingData"":{""level"":2,""textStyle"":{""textAlignment"":""AUTO""}},""type"":""HEADING""},{""style"":{},""id"":""b3tzr6198"",""nodes"":[{""type"":""TEXT"",""id"":"""",""nodes"":[],""textData"":{""text"":""Viewing Past Assessments"",""decorations"":[]}}],""headingData"":{""level"":3,""textStyle"":{""textAlignment"":""AUTO""}},""type"":""HEADING""},{""paragraphData"":{""textStyle"":{""textAlignment"":""AUTO""}},""style"":{},""id"":""bkc0m6200"",""nodes"":[{""type"":""TEXT"",""id"":"""",""nodes"":[],""textData"":{""text"":""1. Navigate to your Profile page"",""decorations"":[]}}],""type"":""PARAGRAPH""},{""paragraphData"":{""textStyle"":{""textAlignment"":""AUTO""}},""style"":{},""id"":""o0eep6202"",""nodes"":[{""type"":""TEXT"",""id"":"""",""nodes"":[],""textData"":{""text"":""2. Scroll to \""Your Assessment History\"""",""decorations"":[]}}],""type"":""PARAGRAPH""},{""paragraphData"":{""textStyle"":{""textAlignment"":""AUTO""}},""style"":{},""id"":""0umwc6204"",""nodes"":[{""type"":""TEXT"",""id"":"""",""nodes"":[],""textData"":{""text"":""3. View all completed assessments with:"",""decorations"":[]}}],""type"":""PARAGRAPH""},{""style"":{},""id"":""up2jh6206"",""nodes"":[{""type"":""TEXT"",""id"":"""",""nodes"":[],""textData"":{""text"":""Revisiting Results"",""decorations"":[]}}],""headingData"":{""level"":3,""textStyle"":{""textAlignment"":""AUTO""}},""type"":""HEADING""},{""paragraphData"":{""textStyle"":{""textAlignment"":""AUTO""}},""style"":{},""id"":""b3mb26208"",""nodes"":[{""type"":""TEXT"",""id"":"""",""nodes"":[],""textData"":{""text"":""Click \""View Results\"" on any past assessment to see:"",""decorations"":[]}}],""type"":""PARAGRAPH""},{""paragraphData"":{""textStyle"":{""textAlignment"":""AUTO""}},""style"":{},""id"":""3yyvx6210"",""nodes"":[{""type"":""TEXT"",""id"":"""",""nodes"":[],""textData"":{""text"":""●      Original scores and insights"",""decorations"":[]}}],""type"":""PARAGRAPH""},{""paragraphData"":{""textStyle"":{""textAlignment"":""AUTO""}},""style"":{},""id"":""2whms6212"",""nodes"":[{""type"":""TEXT"",""id"":"""",""nodes"":[],""textData"":{""text"":""●      Updated benchmarks (as more data becomes available)"",""decorations"":[]}}],""type"":""PARAGRAPH""},{""paragraphData"":{""textStyle"":{""textAlignment"":""AUTO""}},""style"":{},""id"":""d7nvl6214"",""nodes"":[{""type"":""TEXT"",""id"":"""",""nodes"":[],""textData"":{""text"":""●      Download PDF reports from previous assessments"",""decorations"":[]}}],""type"":""PARAGRAPH""},{""paragraphData"":{""textStyle"":{""textAlignment"":""AUTO""}},""style"":{},""id"":""exhku6216"",""nodes"":[{""type"":""TEXT"",""id"":"""",""nodes"":[],""textData"":{""text"":"" "",""decorations"":[]}}],""type"":""PARAGRAPH""},{""style"":{},""id"":""55jao6218"",""nodes"":[{""type"":""TEXT"",""id"":"""",""nodes"":[],""textData"":{""text"":""Social Sharing"",""decorations"":[]}}],""headingData"":{""level"":2,""textStyle"":{""textAlignment"":""AUTO""}},""type"":""HEADING""},{""paragraphData"":{""textStyle"":{""textAlignment"":""AUTO""}},""style"":{},""id"":""s45q06220"",""nodes"":[{""type"":""TEXT"",""id"":"""",""nodes"":[],""textData"":{""text"":""Share your assessment results on social media:"",""decorations"":[]}}],""type"":""PARAGRAPH""},{""paragraphData"":{""textStyle"":{""textAlignment"":""AUTO""}},""style"":{},""id"":""ocwoj6222"",""nodes"":[{""type"":""TEXT"",""id"":"""",""nodes"":[],""textData"":{""text"":""1. Navigate to your results page"",""decorations"":[]}}],""type"":""PARAGRAPH""},{""paragraphData"":{""textStyle"":{""textAlignment"":""AUTO""}},""style"":{},""id"":""7pivw6224"",""nodes"":[{""type"":""TEXT"",""id"":"""",""nodes"":[],""textData"":{""text"":""2. Scroll to the \""Share Your Achievement\"" section"",""decorations"":[]}}],""type"":""PARAGRAPH""},{""paragraphData"":{""textStyle"":{""textAlignment"":""AUTO""}},""style"":{},""id"":""8apku6226"",""nodes"":[{""type"":""TEXT"",""id"":"""",""nodes"":[],""textData"":{""text"":""3. Click your preferred platform:"",""decorations"":[]}}],""type"":""PARAGRAPH""},{""paragraphData"":{""textStyle"":{""textAlignment"":""AUTO""}},""style"":{},""id"":""l1kqe6228"",""nodes"":[{""type"":""TEXT"",""id"":"""",""nodes"":[],""textData"":{""text"":""What's shared"",""decorations"":[{""type"":""BOLD"",""fontWeightValue"":700}]}},{""type"":""TEXT"",""id"":"""",""nodes"":[],""textData"":{""text"":"": A link to the assessment model (not your personal scores or data)"",""decorations"":[]}}],""type"":""PARAGRAPH""},{""paragraphData"":{""textStyle"":{""textAlignment"":""AUTO""}},""style"":{},""id"":""9qw9p6231"",""nodes"":[{""type"":""TEXT"",""id"":"""",""nodes"":[],""textData"":{""text"":"" "",""decorations"":[]}}],""type"":""PARAGRAPH""},{""style"":{},""id"":""r36l96233"",""nodes"":[{""type"":""TEXT"",""id"":"""",""nodes"":[],""textData"":{""text"":""Tips for Better Results"",""decorations"":[]}}],""headingData"":{""level"":2,""textStyle"":{""textAlignment"":""AUTO""}},""type"":""HEADING""},{""style"":{},""id"":""apg3r6235"",""nodes"":[{""type"":""TEXT"",""id"":"""",""nodes"":[],""textData"":{""text"":""Before You Start"",""decorations"":[]}}],""headingData"":{""level"":3,""textStyle"":{""textAlignment"":""AUTO""}},""type"":""HEADING""},{""paragraphData"":{""textStyle"":{""textAlignment"":""AUTO""}},""style"":{},""id"":""0ds0e6237"",""nodes"":[{""type"":""TEXT"",""id"":"""",""nodes"":[],""textData"":{""text"":""●      Set aside uninterrupted time (most assessments take 10-20 minutes)"",""decorations"":[]}}],""type"":""PARAGRAPH""},{""paragraphData"":{""textStyle"":{""textAlignment"":""AUTO""}},""style"":{},""id"":""zh1yy6239"",""nodes"":[{""type"":""TEXT"",""id"":"""",""nodes"":[],""textData"":{""text"":""●      Review the assessment dimensions to understand what's being evaluated"",""decorations"":[]}}],""type"":""PARAGRAPH""},{""paragraphData"":{""textStyle"":{""textAlignment"":""AUTO""}},""style"":{},""id"":""9mkb36241"",""nodes"":[{""type"":""TEXT"",""id"":"""",""nodes"":[],""textData"":{""text"":""●      Consider involving team members for more accurate responses"",""decorations"":[]}}],""type"":""PARAGRAPH""},{""style"":{},""id"":""vw8k56243"",""nodes"":[{""type"":""TEXT"",""id"":"""",""nodes"":[],""textData"":{""text"":""While Taking the Assessment"",""decorations"":[]}}],""headingData"":{""level"":3,""textStyle"":{""textAlignment"":""AUTO""}},""type"":""HEADING""},{""paragraphData"":{""textStyle"":{""textAlignment"":""AUTO""}},""style"":{},""id"":""y6pa96245"",""nodes"":[{""type"":""TEXT"",""id"":"""",""nodes"":[],""textData"":{""text"":""●      Answer honestly based on your current state, not aspirations"",""decorations"":[]}}],""type"":""PARAGRAPH""},{""paragraphData"":{""textStyle"":{""textAlignment"":""AUTO""}},""style"":{},""id"":""a5cik6247"",""nodes"":[{""type"":""TEXT"",""id"":"""",""nodes"":[],""textData"":{""text"":""●      If between two options, choose the one that best reflects your current reality"",""decorations"":[]}}],""type"":""PARAGRAPH""},{""paragraphData"":{""textStyle"":{""textAlignment"":""AUTO""}},""style"":{},""id"":""nvs916249"",""nodes"":[{""type"":""TEXT"",""id"":"""",""nodes"":[],""textData"":{""text"":""●      Don't rush—thoughtful answers lead to more valuable insights"",""decorations"":[]}}],""type"":""PARAGRAPH""},{""style"":{},""id"":""7nyii6251"",""nodes"":[{""type"":""TEXT"",""id"":"""",""nodes"":[],""textData"":{""text"":""After Completion"",""decorations"":[]}}],""headingData"":{""level"":3,""textStyle"":{""textAlignment"":""AUTO""}},""type"":""HEADING""},{""paragraphData"":{""textStyle"":{""textAlignment"":""AUTO""}},""style"":{},""id"":""f5v006253"",""nodes"":[{""type"":""TEXT"",""id"":"""",""nodes"":[],""textData"":{""text"":""●      Review all dimension scores to identify patterns"",""decorations"":[]}}],""type"":""PARAGRAPH""},{""paragraphData"":{""textStyle"":{""textAlignment"":""AUTO""}},""style"":{},""id"":""vvbda6255"",""nodes"":[{""type"":""TEXT"",""id"":"""",""nodes"":[],""textData"":{""text"":""●      Read the AI-generated insights carefully—they're tailored to your context"",""decorations"":[]}}],""type"":""PARAGRAPH""},{""paragraphData"":{""textStyle"":{""textAlignment"":""AUTO""}},""style"":{},""id"":""ue9cn6257"",""nodes"":[{""type"":""TEXT"",""id"":"""",""nodes"":[],""textData"":{""text"":""●      Share results with stakeholders to align on transformation priorities"",""decorations"":[]}}],""type"":""PARAGRAPH""},{""paragraphData"":{""textStyle"":{""textAlignment"":""AUTO""}},""style"":{},""id"":""nlrh86259"",""nodes"":[{""type"":""TEXT"",""id"":"""",""nodes"":[],""textData"":{""text"":""●      Use recommendations as a starting point for planning initiatives"",""decorations"":[]}}],""type"":""PARAGRAPH""},{""paragraphData"":{""textStyle"":{""textAlignment"":""AUTO""}},""style"":{},""id"":""bvn206261"",""nodes"":[{""type"":""TEXT"",""id"":"""",""nodes"":[],""textData"":{""text"":"" "",""decorations"":[]}}],""type"":""PARAGRAPH""},{""style"":{},""id"":""d0mw26263"",""nodes"":[{""type"":""TEXT"",""id"":"""",""nodes"":[],""textData"":{""text"":""Claiming Anonymous Assessments"",""decorations"":[]}}],""headingData"":{""level"":2,""textStyle"":{""textAlignment"":""AUTO""}},""type"":""HEADING""},{""paragraphData"":{""textStyle"":{""textAlignment"":""AUTO""}},""style"":{},""id"":""7urkn6265"",""nodes"":[{""type"":""TEXT"",""id"":"""",""nodes"":[],""textData"":{""text"":""If you started an assessment without logging in:"",""decorations"":[]}}],""type"":""PARAGRAPH""},{""paragraphData"":{""textStyle"":{""textAlignment"":""AUTO""}},""style"":{},""id"":""avb956267"",""nodes"":[{""type"":""TEXT"",""id"":"""",""nodes"":[],""textData"":{""text"":""1. Complete the assessment to view results"",""decorations"":[]}}],""type"":""PARAGRAPH""},{""paragraphData"":{""textStyle"":{""textAlignment"":""AUTO""}},""style"":{},""id"":""nujpm6269"",""nodes"":[{""type"":""TEXT"",""id"":"""",""nodes"":[],""textData"":{""text"":""2. Click \""Create Free Account\"" or \""Log In\"" on the results page"",""decorations"":[]}}],""type"":""PARAGRAPH""},{""paragraphData"":{""textStyle"":{""textAlignment"":""AUTO""}},""style"":{},""id"":""if5ww6271"",""nodes"":[{""type"":""TEXT"",""id"":"""",""nodes"":[],""textData"":{""text"":""3. Complete signup or login"",""decorations"":[]}}],""type"":""PARAGRAPH""},{""paragraphData"":{""textStyle"":{""textAlignment"":""AUTO""}},""style"":{},""id"":""0pyqp6273"",""nodes"":[{""type"":""TEXT"",""id"":"""",""nodes"":[],""textData"":{""text"":""4. Your assessment is automatically associated with your account"",""decorations"":[]}}],""type"":""PARAGRAPH""},{""paragraphData"":{""textStyle"":{""textAlignment"":""AUTO""}},""style"":{},""id"":""wkapr6275"",""nodes"":[{""type"":""TEXT"",""id"":"""",""nodes"":[],""textData"":{""text"":""5. Access enhanced insights and downloadable reports"",""decorations"":[]}}],""type"":""PARAGRAPH""},{""paragraphData"":{""textStyle"":{""textAlignment"":""AUTO""}},""style"":{},""id"":""bpao96277"",""nodes"":[{""type"":""TEXT"",""id"":"""",""nodes"":[],""textData"":{""text"":"" "",""decorations"":[]}}],""type"":""PARAGRAPH""},{""style"":{},""id"":""2qpyd6279"",""nodes"":[{""type"":""TEXT"",""id"":"""",""nodes"":[],""textData"":{""text"":""Frequently Asked Questions"",""decorations"":[]}}],""headingData"":{""level"":2,""textStyle"":{""textAlignment"":""AUTO""}},""type"":""HEADING""},{""paragraphData"":{""textStyle"":{""textAlignment"":""AUTO""}},""style"":{},""id"":""g9wtm6281"",""nodes"":[{""type"":""TEXT"",""id"":"""",""nodes"":[],""textData"":{""text"":""Q: How long does an assessment take?"",""decorations"":[{""type"":""BOLD"",""fontWeightValue"":700}]}},{""type"":""TEXT"",""id"":"""",""nodes"":[],""textData"":{""text"":"" A: Most assessments take 10-20 minutes, depending on the number of questions and model complexity."",""decorations"":[]}}],""type"":""PARAGRAPH""},{""paragraphData"":{""textStyle"":{""textAlignment"":""AUTO""}},""style"":{},""id"":""iw1ao6284"",""nodes"":[{""type"":""TEXT"",""id"":"""",""nodes"":[],""textData"":{""text"":""Q: Can I save my progress and return later?"",""decorations"":[{""type"":""BOLD"",""fontWeightValue"":700}]}},{""type"":""TEXT"",""id"":"""",""nodes"":[],""textData"":{""text"":"" A: Yes! Your responses are automatically saved. Simply log back in and continue from where you left off."",""decorations"":[]}}],""type"":""PARAGRAPH""},{""paragraphData"":{""textStyle"":{""textAlignment"":""AUTO""}},""style"":{},""id"":""ejuoz6287"",""nodes"":[{""type"":""TEXT"",""id"":"""",""nodes"":[],""textData"":{""text"":""Q: Are my results confidential?"",""decorations"":[{""type"":""BOLD"",""fontWeightValue"":700}]}},{""type"":""TEXT"",""id"":"""",""nodes"":[],""textData"":{""text"":"" A: Yes. Your individual scores and data are private. Only anonymized, aggregated data contributes to benchmark calculations."",""decorations"":[]}}],""type"":""PARAGRAPH""},{""paragraphData"":{""textStyle"":{""textAlignment"":""AUTO""}},""style"":{},""id"":""zflp76290"",""nodes"":[{""type"":""TEXT"",""id"":"""",""nodes"":[],""textData"":{""text"":""Q: How often should I retake assessments?"",""decorations"":[{""type"":""BOLD"",""fontWeightValue"":700}]}},{""type"":""TEXT"",""id"":"""",""nodes"":[],""textData"":{""text"":"" A: We recommend quarterly or bi-annual assessments to track progress over time."",""decorations"":[]}}],""type"":""PARAGRAPH""},{""paragraphData"":{""textStyle"":{""textAlignment"":""AUTO""}},""style"":{},""id"":""u99166293"",""nodes"":[{""type"":""TEXT"",""id"":"""",""nodes"":[],""textData"":{""text"":""Q: Can I download my results?"",""decorations"":[{""type"":""BOLD"",""fontWeightValue"":700}]}},{""type"":""TEXT"",""id"":"""",""nodes"":[],""textData"":{""text"":"" A: Yes. Registered users can download PDF reports via email delivery."",""decorations"":[]}}],""type"":""PARAGRAPH""},{""paragraphData"":{""textStyle"":{""textAlignment"":""AUTO""}},""style"":{},""id"":""kemb46296"",""nodes"":[{""type"":""TEXT"",""id"":"""",""nodes"":[],""textData"":{""text"":""Q: What if I don't see benchmarks for my industry?"",""decorations"":[{""type"":""BOLD"",""fontWeightValue"":700}]}},{""type"":""TEXT"",""id"":"""",""nodes"":[],""textData"":{""text"":"" A: Benchmarks require a minimum number of assessments. As more organizations in your industry complete assessments, benchmarks will become available."",""decorations"":[]}}],""type"":""PARAGRAPH""},{""paragraphData"":{""textStyle"":{""textAlignment"":""AUTO""}},""style"":{},""id"":""veev36299"",""nodes"":[{""type"":""TEXT"",""id"":"""",""nodes"":[],""textData"":{""text"":""Q: Can I edit my answers after submitting?"",""decorations"":[{""type"":""BOLD"",""fontWeightValue"":700}]}},{""type"":""TEXT"",""id"":"""",""nodes"":[],""textData"":{""text"":"" A: No. Once submitted, assessments are final to maintain data integrity. However, you can always take a new assessment to track improvement."",""decorations"":[]}}],""type"":""PARAGRAPH""},{""paragraphData"":{""textStyle"":{""textAlignment"":""AUTO""}},""style"":{},""id"":""0e01v6302"",""nodes"":[{""type"":""TEXT"",""id"":"""",""nodes"":[],""textData"":{""text"":"" "",""decorations"":[]}}],""type"":""PARAGRAPH""},{""style"":{},""id"":""tgq1x6304"",""nodes"":[{""type"":""TEXT"",""id"":"""",""nodes"":[],""textData"":{""text"":""Getting Help"",""decorations"":[]}}],""headingData"":{""level"":2,""textStyle"":{""textAlignment"":""AUTO""}},""type"":""HEADING""},{""style"":{},""id"":""c53ob6306"",""nodes"":[{""type"":""TEXT"",""id"":"""",""nodes"":[],""textData"":{""text"":""Support Resources"",""decorations"":[]}}],""headingData"":{""level"":3,""textStyle"":{""textAlignment"":""AUTO""}},""type"":""HEADING""},{""paragraphData"":{""textStyle"":{""textAlignment"":""AUTO""}},""style"":{},""id"":""2hwcy6308"",""nodes"":[{""type"":""TEXT"",""id"":"""",""nodes"":[],""textData"":{""text"":""●      Website: Visit "",""decorations"":[]}},{""type"":""TEXT"",""id"":"""",""nodes"":[],""textData"":{""text"":""www.synozur.com"",""decorations"":[{""type"":""LINK"",""linkData"":{""link"":{""url"":""http://www.synozur.com"",""target"":""BLANK"",""rel"":{""noreferrer"":true}}}},{""type"":""UNDERLINE""}]}},{""type"":""TEXT"",""id"":"""",""nodes"":[],""textData"":{""text"":"" for more information"",""decorations"":[]}}],""type"":""PARAGRAPH""},{""paragraphData"":{""textStyle"":{""textAlignment"":""AUTO""}},""style"":{},""id"":""jlmam6312"",""nodes"":[{""type"":""TEXT"",""id"":"""",""nodes"":[],""textData"":{""text"":""●      Contact: Reach out via "",""decorations"":[]}},{""type"":""TEXT"",""id"":"""",""nodes"":[],""textData"":{""text"":""www.synozur.com/contact"",""decorations"":[{""type"":""LINK"",""linkData"":{""link"":{""url"":""http://www.synozur.com/contact"",""target"":""BLANK"",""rel"":{""noreferrer"":true}}}},{""type"":""UNDERLINE""}]}},{""type"":""TEXT"",""id"":"""",""nodes"":[],""textData"":{""text"":"" "",""decorations"":[]}}],""type"":""PARAGRAPH""},{""paragraphData"":{""textStyle"":{""textAlignment"":""AUTO""}},""style"":{},""id"":""y6cb46316"",""nodes"":[{""type"":""TEXT"",""id"":"""",""nodes"":[],""textData"":{""text"":""●      Custom Assessments: Interested in a custom model? Request via "",""decorations"":[]}},{""type"":""TEXT"",""id"":"""",""nodes"":[],""textData"":{""text"":""ContactUs@synozur.com"",""decorations"":[{""type"":""LINK"",""linkData"":{""link"":{""url"":""mailto:ContactUs@synozur.com"",""target"":""BLANK"",""rel"":{""noreferrer"":true}}}},{""type"":""UNDERLINE""}]}}],""type"":""PARAGRAPH""},{""style"":{},""id"":""dmpfj6319"",""nodes"":[{""type"":""TEXT"",""id"":"""",""nodes"":[],""textData"":{""text"":""Technical Issues"",""decorations"":[]}}],""headingData"":{""level"":3,""textStyle"":{""textAlignment"":""AUTO""}},""type"":""HEADING""},{""paragraphData"":{""textStyle"":{""textAlignment"":""AUTO""}},""style"":{},""id"":""ubgf76321"",""nodes"":[{""type"":""TEXT"",""id"":"""",""nodes"":[],""textData"":{""text"":""If you experience technical difficulties:"",""decorations"":[]}}],""type"":""PARAGRAPH""},{""paragraphData"":{""textStyle"":{""textAlignment"":""AUTO""}},""style"":{},""id"":""bum626323"",""nodes"":[{""type"":""TEXT"",""id"":"""",""nodes"":[],""textData"":{""text"":""1. Refresh your browser"",""decorations"":[]}}],""type"":""PARAGRAPH""},{""paragraphData"":{""textStyle"":{""textAlignment"":""AUTO""}},""style"":{},""id"":""dak1v6325"",""nodes"":[{""type"":""TEXT"",""id"":"""",""nodes"":[],""textData"":{""text"":""2. Clear browser cache and cookies"",""decorations"":[]}}],""type"":""PARAGRAPH""},{""paragraphData"":{""textStyle"":{""textAlignment"":""AUTO""}},""style"":{},""id"":""a7f3t6327"",""nodes"":[{""type"":""TEXT"",""id"":"""",""nodes"":[],""textData"":{""text"":""3. Try a different browser"",""decorations"":[]}}],""type"":""PARAGRAPH""},{""paragraphData"":{""textStyle"":{""textAlignment"":""AUTO""}},""style"":{},""id"":""f58zs6329"",""nodes"":[{""type"":""TEXT"",""id"":"""",""nodes"":[],""textData"":{""text"":""4. Contact support with details about the issue"",""decorations"":[]}}],""type"":""PARAGRAPH""},{""paragraphData"":{""textStyle"":{""textAlignment"":""AUTO""}},""style"":{},""id"":""zr3qg6331"",""nodes"":[{""type"":""TEXT"",""id"":"""",""nodes"":[],""textData"":{""text"":"" "",""decorations"":[]}}],""type"":""PARAGRAPH""},{""style"":{},""id"":""iys9j6333"",""nodes"":[{""type"":""TEXT"",""id"":"""",""nodes"":[],""textData"":{""text"":""Privacy & Data Usage"",""decorations"":[]}}],""headingData"":{""level"":2,""textStyle"":{""textAlignment"":""AUTO""}},""type"":""HEADING""},{""paragraphData"":{""textStyle"":{""textAlignment"":""AUTO""}},""style"":{},""id"":""qugs06335"",""nodes"":[{""type"":""TEXT"",""id"":"""",""nodes"":[],""textData"":{""text"":""Your data is used to:"",""decorations"":[]}}],""type"":""PARAGRAPH""},{""paragraphData"":{""textStyle"":{""textAlignment"":""AUTO""}},""style"":{},""id"":""7a1j66337"",""nodes"":[{""type"":""TEXT"",""id"":"""",""nodes"":[],""textData"":{""text"":""●      Generate personalized insights and recommendations"",""decorations"":[]}}],""type"":""PARAGRAPH""},{""paragraphData"":{""textStyle"":{""textAlignment"":""AUTO""}},""style"":{},""id"":""16mh06339"",""nodes"":[{""type"":""TEXT"",""id"":"""",""nodes"":[],""textData"":{""text"":""●      Calculate industry and segment benchmarks (anonymized)"",""decorations"":[]}}],""type"":""PARAGRAPH""},{""paragraphData"":{""textStyle"":{""textAlignment"":""AUTO""}},""style"":{},""id"":""iqgjb6341"",""nodes"":[{""type"":""TEXT"",""id"":"""",""nodes"":[],""textData"":{""text"":""●      Improve the accuracy of AI-generated content"",""decorations"":[]}}],""type"":""PARAGRAPH""},{""paragraphData"":{""textStyle"":{""textAlignment"":""AUTO""}},""style"":{},""id"":""6u5kl6343"",""nodes"":[{""type"":""TEXT"",""id"":"""",""nodes"":[],""textData"":{""text"":""Your data is "",""decorations"":[]}},{""type"":""TEXT"",""id"":"""",""nodes"":[],""textData"":{""text"":""never"",""decorations"":[{""type"":""BOLD"",""fontWeightValue"":700}]}},{""type"":""TEXT"",""id"":"""",""nodes"":[],""textData"":{""text"":"":"",""decorations"":[]}}],""type"":""PARAGRAPH""},{""paragraphData"":{""textStyle"":{""textAlignment"":""AUTO""}},""style"":{},""id"":""8vzu06347"",""nodes"":[{""type"":""TEXT"",""id"":"""",""nodes"":[],""textData"":{""text"":""●      Shared with third parties without consent"",""decorations"":[]}}],""type"":""PARAGRAPH""},{""paragraphData"":{""textStyle"":{""textAlignment"":""AUTO""}},""style"":{},""id"":""5xw5n6349"",""nodes"":[{""type"":""TEXT"",""id"":"""",""nodes"":[],""textData"":{""text"":""●      Used to identify you individually in reports or benchmarks"",""decorations"":[]}}],""type"":""PARAGRAPH""},{""paragraphData"":{""textStyle"":{""textAlignment"":""AUTO""}},""style"":{},""id"":""7w6du6351"",""nodes"":[{""type"":""TEXT"",""id"":"""",""nodes"":[],""textData"":{""text"":""●      Sold or monetized"",""decorations"":[]}}],""type"":""PARAGRAPH""},{""paragraphData"":{""textStyle"":{""textAlignment"":""AUTO""}},""style"":{},""id"":""l2fdm6353"",""nodes"":[{""type"":""TEXT"",""id"":"""",""nodes"":[],""textData"":{""text"":"" "",""decorations"":[]}}],""type"":""PARAGRAPH""},{""style"":{},""id"":""p4df76355"",""nodes"":[{""type"":""TEXT"",""id"":"""",""nodes"":[],""textData"":{""text"":""What's Next?"",""decorations"":[]}}],""headingData"":{""level"":2,""textStyle"":{""textAlignment"":""AUTO""}},""type"":""HEADING""},{""paragraphData"":{""textStyle"":{""textAlignment"":""AUTO""}},""style"":{},""id"":""cqhgd6357"",""nodes"":[{""type"":""TEXT"",""id"":"""",""nodes"":[],""textData"":{""text"":""After completing your assessment:"",""decorations"":[]}}],""type"":""PARAGRAPH""},{""paragraphData"":{""textStyle"":{""textAlignment"":""AUTO""}},""style"":{},""id"":""2chuo6359"",""nodes"":[{""type"":""TEXT"",""id"":"""",""nodes"":[],""textData"":{""text"":""1. "",""decorations"":[]}},{""type"":""TEXT"",""id"":"""",""nodes"":[],""textData"":{""text"":""Review insights carefully"",""decorations"":[{""type"":""BOLD"",""fontWeightValue"":700}]}},{""type"":""TEXT"",""id"":"""",""nodes"":[],""textData"":{""text"":"" and share with your team"",""decorations"":[]}}],""type"":""PARAGRAPH""},{""paragraphData"":{""textStyle"":{""textAlignment"":""AUTO""}},""style"":{},""id"":""w61086363"",""nodes"":[{""type"":""TEXT"",""id"":"""",""nodes"":[],""textData"":{""text"":""2. "",""decorations"":[]}},{""type"":""TEXT"",""id"":"""",""nodes"":[],""textData"":{""text"":""Prioritize recommendations"",""decorations"":[{""type"":""BOLD"",""fontWeightValue"":700}]}},{""type"":""TEXT"",""id"":"""",""nodes"":[],""textData"":{""text"":"" based on impact and feasibility"",""decorations"":[]}}],""type"":""PARAGRAPH""},{""paragraphData"":{""textStyle"":{""textAlignment"":""AUTO""}},""style"":{},""id"":""du66o6367"",""nodes"":[{""type"":""TEXT"",""id"":"""",""nodes"":[],""textData"":{""text"":""3. "",""decorations"":[]}},{""type"":""TEXT"",""id"":"""",""nodes"":[],""textData"":{""text"":""Create an action plan"",""decorations"":[{""type"":""BOLD"",""fontWeightValue"":700}]}},{""type"":""TEXT"",""id"":"""",""nodes"":[],""textData"":{""text"":"" using the transformation roadmap"",""decorations"":[]}}],""type"":""PARAGRAPH""},{""paragraphData"":{""textStyle"":{""textAlignment"":""AUTO""}},""style"":{},""id"":""ph8si6371"",""nodes"":[{""type"":""TEXT"",""id"":"""",""nodes"":[],""textData"":{""text"":""4. "",""decorations"":[]}},{""type"":""TEXT"",""id"":"""",""nodes"":[],""textData"":{""text"":""Track progress"",""decorations"":[{""type"":""BOLD"",""fontWeightValue"":700}]}},{""type"":""TEXT"",""id"":"""",""nodes"":[],""textData"":{""text"":"" by retaking the assessment in 3-6 months"",""decorations"":[]}}],""type"":""PARAGRAPH""},{""paragraphData"":{""textStyle"":{""textAlignment"":""AUTO""}},""style"":{},""id"":""qfmyl6375"",""nodes"":[{""type"":""TEXT"",""id"":"""",""nodes"":[],""textData"":{""text"":""5. "",""decorations"":[]}},{""type"":""TEXT"",""id"":"""",""nodes"":[],""textData"":{""text"":""Explore other models"",""decorations"":[{""type"":""BOLD"",""fontWeightValue"":700}]}},{""type"":""TEXT"",""id"":"""",""nodes"":[],""textData"":{""text"":"" to evaluate different dimensions of your organization"",""decorations"":[]}}],""type"":""PARAGRAPH""},{""paragraphData"":{""textStyle"":{""textAlignment"":""AUTO""}},""style"":{},""id"":""u7khv6379"",""nodes"":[{""type"":""TEXT"",""id"":"""",""nodes"":[],""textData"":{""text"":"" "",""decorations"":[]}}],""type"":""PARAGRAPH""},{""paragraphData"":{""textStyle"":{""textAlignment"":""AUTO""}},""style"":{},""id"":""kwdkd6381"",""nodes"":[{""type"":""TEXT"",""id"":"""",""nodes"":[],""textData"":{""text"":""Ready to begin your transformation journey? Start your first assessment today!"",""decorations"":[{""type"":""BOLD"",""fontWeightValue"":700}]}}],""type"":""PARAGRAPH""},{""paragraphData"":{""textStyle"":{""textAlignment"":""AUTO""}},""style"":{},""id"":""tj39n6383"",""nodes"":[{""type"":""TEXT"",""id"":"""",""nodes"":[],""textData"":{""text"":""Orion by Synozur - Find Your North Star"",""decorations"":[{""type"":""ITALIC"",""italicData"":true}]}}],""type"":""PARAGRAPH""},{""type"":""PARAGRAPH"",""id"":""8r3h16385"",""nodes"":[{""type"":""TEXT"",""id"":"""",""nodes"":[],""textData"":{""text"":"" "",""decorations"":[]}}],""paragraphData"":{""textStyle"":{""textAlignment"":""AUTO""}}}],""documentStyle"":{}}","Chart your course with confidence.","/applications/","Transformation is hard.

Most organizations know their ambitions, but the journey from today’s reality to tomorrow’s outcomes is complex, uncertain, and often overwhelming. Orion is built to bridge that gap — giving you clarity, confidence, and a path forward that’s tailored to your unique context. Measurement and benchmarking are crucial.

Orion is Synozur’s AI‑powered transformation platform that applies our deep expertise—frameworks, research, and real‑world advisory experience—at scale. Rather than delivering generic assessments, Orion integrates AI to interpret your organization’s unique context, synthesizing your data with Synozur’s proven models to produce personalized results you can trust. 

It translates insight into a tailored view of your current state, then delivers role‑specific recommendations, prioritized actions, and curated resources aligned to your industry, maturity, and goals. By combining human expertise with AI‑driven analysis, Orion moves organizations beyond static reports—providing clear guidance, practical next steps, and the confidence to act with clarity as transformation unfolds.",2025-11-03T18:10:50Z,,"PUBLISHED"
"Zenith","/applications/zenith","wix:image://v1/b805ce_64ac1f32ded24141bf2b8136c6e64780~mv2.jpeg/AdobeStock_382432785.jpeg#originWidth=6000&originHeight=3301",0.9,true,"https://zenith.synozur.com","2026-03-01","ef631c14-c4a4-4b8b-80a6-9863adcf3022",2026-03-06T19:34:48Z,2026-03-20T19:14:32Z,"b805cef0-823c-4610-b623-a9de8636fce2","<p class=""font_8""><strong>Zenith</strong> is Synozur’s centralized governance control plane for Microsoft 365, built for IT leaders, governance teams, and managed service providers operating complex, multi‑tenant environments. It unifies workspace visibility, automated policy evaluation, sensitivity and retention alignment, and Copilot readiness tracking into a single, secure system—eliminating reliance on scripts, manual audits, and fragmented tools.&nbsp;</p>
<p class=""font_8""><br></p>
<p class=""font_8"">Zenith integrates with Microsoft Entra ID for tenant‑isolated identity, multi‑factor authentication, and granular role‑based access control, ensuring the right users have the right visibility at the right time. Governance decisions are written directly back into SharePoint so Microsoft Purview can enforce policies natively, creating a closed loop between governance intent and day‑to‑day operations.&nbsp;</p>
<p class=""font_8""><br></p>
<p class=""font_8"">Hosted in SOC 2 Type II–certified data centers and designed for enterprise‑grade security and auditability, Zenith helps organizations govern at scale, reduce risk, and confidently prepare their Microsoft 365 environments for Copilot and future AI adoption.</p>","wix:image://v1/b805ce_494ef1d7e2684feca42f4a525791409d~mv2.png/zenith.png#originWidth=3709&originHeight=2002",,"Enterprise Governance for Microsoft 365","/applications/","Zenith is Synozur’s centralized governance control plane for Microsoft 365, built for IT leaders, governance teams, and managed service providers operating complex, multi‑tenant environments. It unifies workspace visibility, automated policy evaluation, sensitivity and retention alignment, and Copilot readiness tracking into a single, secure system—eliminating reliance on scripts, manual audits, and fragmented tools. 

Zenith integrates with Microsoft Entra ID for tenant‑isolated identity, multi‑factor authentication, and granular role‑based access control, ensuring the right users have the right visibility at the right time. Governance decisions are written directly back into SharePoint so Microsoft Purview can enforce policies natively, creating a closed loop between governance intent and day‑to‑day operations. 

Hosted in SOC 2 Type II–certified data centers and designed for enterprise‑grade security and auditability, Zenith helps organizations govern at scale, reduce risk, and confidently prepare their Microsoft 365 environments for Copilot and future AI adoption.",2026-03-06T19:32:49Z,,"PUBLISHED"
