"Title","Case Studies (Item)","ID","Created Date","Updated Date","Owner","BackgroundImage","Company","Established","Industry","Summary","Background","Objective","Introduction","Context","Logo","Methodology","Results","Quote","Quote Attribution","Conclusion","Tags","Case Studies (List)","Summary WebMeta"
"Management Makeover at a Luxury Brand","/case-studies/management-makeover-at-a-luxury-brand","2d138633-b699-4dd5-be44-ecc2429e8205",2025-02-27T01:28:09Z,2026-03-20T15:22:32Z,"b805cef0-823c-4610-b623-a9de8636fce2","wix:image://v1/b805ce_3367a960d2474a518ab816eacdff0891~mv2.jpg/CLO17_corporateOffice_021%20-cropped.jpg#originWidth=1067&originHeight=760","Luxury Manufacturing","2002","Cosmeceutical","<p class=""font_8"">In a strategic effort to overhaul the management framework of a thriving North American luxury manufacturer, Synozur spearheaded a digital transformation initiative in 2023. The project's primary objective was to implement a robust Company Operating System (Company OS) to support the company's rapid growth and scalability. This case study delves into the challenges faced, the solutions introduced by Synozur, and the positive outcomes for leadership effectiveness.</p>","<p class=""font_8"">A prominent North American luxury manufacturer engaged Synozur for a digital transformation initiative.</p>","<p class=""font_8"">The company, renowned for its innovative skincare products, experienced significant growth, expanding beyond its existing management framework and the time constraints of its founders. As the company scaled, there was a pressing need to enhance their operating system to support further growth and expansion.</p>","<h3 class=""font_3"">The company's leadership recognized several key challenges:</h3>
<ul class=""font_8"">
  <li><p class=""font_8"">Establishing influence and authority at the executive level and distributing leadership across the growing leadership team (LT).</p></li>
  <li><p class=""font_8"">Creating a shared vision and strategy, with clarity on priorities.</p></li>
  <li><p class=""font_8"">Implementing a rhythm to maintain focus on business priorities.</p></li>
</ul>
<p class=""font_8"">Engineers of skincare products needed a scalable management framework that could adapt to their rapid growth. The founders, central figures in the company, acknowledged the necessity of a broader set of tools and processes to sustain and propel their company forward.</p>","<p class=""font_8"">Synozur introduced a comprehensive Company Operating System (CoS) tailored to the client's unique needs. The CoS aimed to:</p>
<ul class=""font_8"">
  <li><p class=""font_8"">Create and maintain focus on business priorities.</p></li>
  <li><p class=""font_8"">Align people, resources, and plans.</p></li>
  <li><p class=""font_8"">Provide a clear vision, mission, purpose, and strategy.</p></li>
</ul>
<h3 class=""font_3"">The CoS framework included:</h3>
<ul class=""font_8"">
  <li><p class=""font_8"">Annual Plan: Setting yearly objectives and quarterly ""rocks"" (incremental goals).</p></li>
  <li><p class=""font_8"">Weekly Meeting Rhythm: Focus meetings designed to review priorities, analyze metrics, and solve issues collaboratively.</p></li>
</ul>","wix:image://v1/b805ce_7a5d9f47e6df42c6a2dab307ce8c4cf3~mv2.png/SA-Logo-Horizontal-color.png#originWidth=717&originHeight=195","<p class=""font_8"">The implementation process encompassed several key phases:</p>
<p class=""font_8""><br></p>
<h3 class=""font_3""><strong>Discovery</strong></h3>
<p class=""font_8"">Synozur was engaged on a digital transformation project. In discussions with the founders, it became evident that a broader set of tools and processes were needed to support the company's growth and transition from a conversational approach to a more structured and intentional process.</p>
<p class=""font_8""><br></p>
<h3 class=""font_3""><strong>Development</strong></h3>
<p class=""font_8"">Synozur led workshops with leaders to crystallize the business foundation (mission, value, purpose) and educate the team through ongoing repetitive drip campaigns. Also, Synozur facilitated strategic and annual planning workshops to set clear priorities and objectives.</p>
<p class=""font_8""><br></p>
<h3 class=""font_3""><strong>Deployment</strong></h3>
<p class=""font_8"">Synozur led weekly focus meetings for several weeks, participating actively before transitioning the leadership team to run these meetings independently. The focus meetings included agenda items for joint problem-solving and scorecard analysis, fostering a collaborative and data-driven approach.</p>
<p class=""font_8"">Synozur also prepared company leadership with a custom Company Operating System Manual (COSM). The COSM empowers anyone – not just the founders – to run effective focus meetings.</p>","<p class=""font_8"">Our client as seen significant changes in fiancial impact and leadership team behaviors:</p>
<ul class=""font_8"">
  <li><p class=""font_8"">Estimated <strong>$0.6–$1.3MM</strong> annual cost savings and <strong>$500K–$1.5M+</strong> in revenue enablement, driven by reduced internal friction and faster execution of commercial and operational initiatives.</p></li>
  <li><p class=""font_8"">Introduction of weekly focus meetings, replacing less effective ones.</p></li>
  <li><p class=""font_8"">Creation of a company scorecard, providing a shared view of performance metrics and enabling junior leaders to interpret these metrics.</p></li>
  <li><p class=""font_8"">Reorganization of the leadership team, establishing new roles such as Chief People Officer, VP of Operations, CFO, and CRO.</p></li>
</ul>
<p class=""font_8"">The new meeting structure and focus on priorities have led to improved decision-making, operational efficiency, and team dynamics. The leadership team now has a unified ""sheet of music"" and greater visibility into matters that impact the company's performance.</p>
<p class=""font_8"">As a result, the company has an optimized path to executing growth strategies such as plant modernization and new product line launches.</p>","<p class=""font_8""><em>“Our journey with the Company Operating System has truly transformed the way we operate and lead. The clear focus on priorities and performance metrics have empowered us to make strategic decisions more effectively. We are now aligned and equipped to drive sustainable growth and excellence in our industry.”</em></p>","Company senior leader","<p class=""font_8"">The successful implementation of the Company Operating System has been a transformative journey for the North American luxury manufacturer. By aligning leadership practices with strategic priorities and fostering a culture of accountability and continuous improvement, the company is well-positioned to achieve sustainable growth and operational excellence. Synozur's tailored approach and commitment to client success have been instrumental in this transformation.</p>","[""Strategy""]","/case-studies/","In a strategic effort to overhaul the management framework of a thriving North American luxury manufacturer, Synozur spearheaded a digital transformation initiative in 2023. The project's primary objective was to implement a robust Company Operating System (Company OS) to support the company's rapid growth and scalability. This case study delves into the challenges faced, the solutions introduced by Synozur, and the positive outcomes for leadership effectiveness. As a result, our client saw an estimated $0.6–$1.3MM annual cost savings and $500K–$1.5M+ in revenue enablement, driven by reduced internal friction and faster execution of commercial and operational initiatives."
"AI and Knowledge Transformation at a Strategic Communications Firm","/case-studies/ai-and-knowledge-transformation-at-a-strategic-communications-firm","3bf19b33-472a-4fdc-834e-d383c8217466",2026-02-14T19:15:14Z,2026-03-25T00:45:38Z,"b805cef0-823c-4610-b623-a9de8636fce2","wix:image://v1/b805ce_ac5ee1b33b6a4b34b7f0e6d0055de8fd~mv2.jpeg/AdobeStock_216576334.jpeg#originWidth=6720&originHeight=4480","North American Communications Agency","2019","Professional Services","<p class=""font_8"">A fast‑growing strategic communications firm partnered with Synozur to <strong>define an AI strategy and modernize knowledge workflows</strong>—without disrupting creative teams or compromising trust with clients. The goal was not AI for AI’s sake, but a people‑first approach that made work easier, faster, and more consistent.</p>","<p class=""font_8"">As the firm scaled, leaders saw increasing friction across content creation, research, and internal knowledge sharing. Teams were spending too much time searching for information, recreating work, and navigating disconnected tools. At the same time, leadership wanted to explore AI—but responsibly, with clear governance and adoption in mind.</p>","<p class=""font_8"">Create a clear, business‑aligned AI strategy while strengthening knowledge management and collaboration—ensuring AI enhanced human expertise rather than replacing it.</p>","<p class=""font_8"">The firm recognized that long‑term growth depended on enabling its people with better tools, clearer guidance, and shared confidence in how AI would be used across the organization.</p>","<p class=""font_8"">Operating in a high‑trust, client‑facing environment, the organization needed to balance innovation with credibility, governance, and cultural fit.</p>","wix:image://v1/b805ce_6edd01999eef4ec581682e08dfd15023~mv2.png/SynozurMark_color1400.png#originWidth=1050&originHeight=1050","<p class=""font_8"">Synozur began by listening—working closely with firm leadership to understand how people actually worked day to day. We then guided the organization through an <strong>AI Academy experience</strong>, paired with a <strong>Microsoft 365 enablement strategy</strong>, focused on real workflows and real outcomes.</p>
<p class=""font_8"">Our work included:</p>
<ul class=""font_8"">
  <li><p class=""font_8"">Establishing an <strong>AI governance model</strong> aligned to firm values and client trust</p></li>
  <li><p class=""font_8"">Designing practical AI use cases for research, drafting, and knowledge discovery</p></li>
  <li><p class=""font_8"">Modernizing collaboration and knowledge management using Microsoft 365</p></li>
  <li><p class=""font_8"">Building confidence and adoption through targeted training and leadership alignment</p></li>
</ul>
<p class=""font_8"">Throughout the engagement, we emphasized a <strong>human‑centric, tailored approach</strong>, ensuring every recommendation fit the firm’s culture and pace.</p>","<ul class=""font_8"">
  <li><p class=""font_8"">Clear AI strategy grounded in real business needs</p></li>
  <li><p class=""font_8"">Improved knowledge sharing and reduced duplicate work</p></li>
  <li><p class=""font_8"">Increased team confidence using AI responsibly</p></li>
  <li><p class=""font_8"">A scalable foundation for continued innovation</p></li>
</ul>","<p class=""font_8"">""Synozur helped us move past the hype and focus on what actually matters—our people, our work, and our clients. AI now feels like a support system, not a distraction.""</p>","'- Senior Partner","<p class=""font_8"">With a clear strategy and trusted governance in place, the firm is now positioned to innovate responsibly—using AI to enhance creativity, not compromise it.</p>","[""AI"",""M365""]","/case-studies/","A fast‑growing strategic communications firm partnered with Synozur to define an AI strategy and modernize knowledge workflows - without disrupting creative teams or compromising trust with clients. The goal was not AI for AI’s sake, but a people‑first approach that made work easier, faster, and more consistent."
"AI Transformation at a Private Equity Portfolio Company","/case-studies/ai-transformation-at-a-private-equity-portfolio-company","556c05c7-f769-47d9-9a30-29a9c2dee5c6",2025-08-27T19:19:42Z,2026-03-20T15:19:34Z,"b805cef0-823c-4610-b623-a9de8636fce2","wix:image://v1/b805ce_216de3dbbef94823a2eecb2d3a72bf2b~mv2.jpg/AdobeStock_151524961Small.jpg#originWidth=2172&originHeight=1313","Financial Services","1998","Private Equity","<p class=""font_8"">A financial‑services portfolio company of a leading private equity firm engaged Synozur to shift from scattered AI experiments to governed, measurable outcomes at enterprise scale. Building on patterns we’ve proven in similar programs, we turned real documents and workflows into a prioritized use‑case backlog, stood up a practical governance model, and upskilled leaders and makers through a multi‑tool curriculum.</p>
<p class=""font_8""><br></p>
<p class=""font_8""><strong>At‑a‑glance</strong></p>
<ul class=""font_8"">
  <li><p class=""font_8""><strong>The challenge:</strong> Pilots in silos, uneven skills, unclear guardrails, hard‑to‑measure value.</p></li>
  <li><p class=""font_8""><strong>What we did:</strong> Converted authentic scenarios into high‑value use cases; launched role‑based skilling; operationalized governance for safe, compliant adoption.</p></li>
  <li><p class=""font_8""><strong>Why it worked:</strong> Real work &gt; demo theater, with measurable outcomes, reusable prompt libraries, and oversight rituals embedded in day‑to‑day operations.</p></li>
  <li><p class=""font_8""><strong>Early impact:</strong> Faster time from idea to production, higher adoption across business lines, and increased confidence from risk/legal/security.</p></li>
</ul>","<p class=""font_8"">A financial services portfolio company of a leading private equity firm faced a familiar challenge: AI pilots were scattered across teams, with no clear governance, skilling strategy, or roadmap for scaling. While leadership recognized AI’s potential, the organization lacked a unified approach to turn experimentation into measurable enterprise value.</p>","<p class=""font_8"">The company needed to:</p>
<ul class=""font_8"">
  <li><p class=""font_8"">Identify and prioritize high-value AI use cases grounded in real business scenarios.</p></li>
  <li><p class=""font_8"">Build a governance framework to ensure safe, compliant, and consistent AI adoption.</p></li>
  <li><p class=""font_8"">Equip employees—from executives to frontline staff—with the skills and confidence to use AI effectively.</p></li>
</ul>","<p class=""font_8"">Synozur helped a private equity portfolio company in financial services move from fragmented AI pilots to a governed, enterprise-wide adoption program—drawing on proven strategies from our prior engagements.</p>","<p class=""font_8"">Synozur was engaged to design and deliver a comprehensive AI adoption program. Drawing on lessons from prior engagements, we combined deep industry knowledge with proven enablement strategies to accelerate adoption while mitigating risk.</p>","wix:image://v1/b805ce_53dcd08840e343b18f38c04258086404~mv2.png/SynozurLogo_color%201400.png#originWidth=1400&originHeight=1400","<p class=""font_8"">Our approach unfolded in three integrated phases:</p>
<p class=""font_8""><br></p>
<p class=""font_8""><strong>Discovery</strong></p>
<ul class=""font_8"">
  <li><p class=""font_8"">Conducted workshops with leadership and operational teams to surface authentic scenarios and documentation (claims notes, customer communications, policy language).</p></li>
  <li><p class=""font_8"">Assessed organizational readiness and risk posture to inform governance design.</p></li>
</ul>
<p class=""font_8""><strong>Development</strong></p>
<ul class=""font_8"">
  <li><p class=""font_8"">Built a prioritized use-case backlog mapped to business outcomes.</p></li>
  <li><p class=""font_8"">Designed a role-based skilling program for executives, managers, and makers, incorporating hands-on labs and oversight prompts.</p></li>
  <li><p class=""font_8"">Established governance guardrails for data security, compliance, and responsible AI use.</p></li>
</ul>
<p class=""font_8""><strong>Deployment</strong></p>
<ul class=""font_8"">
  <li><p class=""font_8"">Delivered a multi-tool curriculum spanning productivity copilots, research assistants, and low-code automation platforms.</p></li>
  <li><p class=""font_8"">Embedded reusable prompt libraries, safe-use checklists, and oversight frameworks into daily workflows.</p></li>
  <li><p class=""font_8"">Facilitated adoption metrics and ROI tracking to sustain momentum.</p></li>
</ul>","<p class=""font_8"">Estimated <strong>$250K–$500K annual cost savings</strong>&nbsp;and <strong>$500K–$1.0M+ EBITDA uplift</strong>, driven by faster decision‑making, reduced duplicated analysis, and improved execution discipline across leadership and operations.</p>
<ul class=""font_8"">
  <li><p class=""font_8""><strong>Accelerated Adoption:</strong> Reduced time from pilot to production by 40%, with measurable gains in claims processing and customer communication workflows.</p></li>
  <li><p class=""font_8""><strong>Governed Scale:</strong> Implemented a governance model that satisfied risk, legal, and compliance teams while enabling innovation.</p></li>
  <li><p class=""font_8""><strong>Enterprise Skilling:</strong> Over 80% of targeted roles completed AI fluency training, creating a culture of confident, responsible AI use.</p></li>
</ul>","<p class=""font_8"">""This wasn’t just training - it was transformation. Synozur helped us turn real work into real results, giving our teams the tools, skills, and guardrails to make AI part of our DNA.""</p>","Chief Operating Officer","<p class=""font_8"">This engagement proved that sustainable AI value comes from <strong>three disciplines, executed together</strong>: authentic use cases, a right‑sized governance framework, and an inclusive, role‑based skilling program. By grounding AI in the client’s actual documents and processes—and giving teams the tools, language, and checks to use it responsibly—we moved beyond pilots to durable capabilities the organization now owns.</p>
<p class=""font_8""><br></p>
<p class=""font_8""><strong>What endures</strong></p>
<ul class=""font_8"">
  <li><p class=""font_8""><strong>Prioritized use‑case backlog</strong> aligned to outcomes, with metrics and owners.</p></li>
  <li><p class=""font_8""><strong>Governance guardrails</strong> (data, compliance, responsible use) built into daily workflows.</p></li>
  <li><p class=""font_8""><strong>Multi‑tool curriculum</strong> and reusable prompt libraries that raise fluency across roles.</p></li>
  <li><p class=""font_8""><strong>Adoption &amp; ROI instrumentation</strong> for cycle time, quality, and risk signals.</p></li>
</ul>
<p class=""font_8""><strong>What’s next</strong></p>
<ul class=""font_8"">
  <li><p class=""font_8"">Scale the backlog into additional functions; expand communities of practice/CoE.</p></li>
  <li><p class=""font_8"">Integrate advanced retrieval/automation where controls and content maturity allow.</p></li>
  <li><p class=""font_8"">Refresh the curriculum quarterly and publish a living “AI playbook” to maintain momentum.</p></li>
</ul>","[""Technology"",""AI""]","/case-studies/","A financial‑services portfolio company of a leading private equity firm engaged Synozur to shift from scattered AI experiments to governed, measurable outcomes at enterprise scale. Building on patterns we’ve proven in similar programs, we turned real documents and workflows into a prioritized use‑case backlog, stood up a practical governance model, and upskilled leaders and makers through a multi‑tool curriculum. As a result, they achieved an estimated $250K–$500K annual cost savings and $500K–$1.0M+ EBITDA uplift, driven by faster decision‑making, reduced duplicated analysis, and improved execution discipline across leadership and operations."
"Transforming management frameworks at Microsoft ","/case-studies/transforming-management-frameworks-at-microsoft","5d6b5ab1-917f-443e-b840-517b2b5d8626",2025-02-27T00:50:19Z,2026-03-20T15:18:47Z,"b805cef0-823c-4610-b623-a9de8636fce2","wix:image://v1/b805ce_759217ee0d84438089805ae72a743c3a~mv2.jpg/Win16a_BCN_Students2_Table_HPSpectrex360_01416.jpg#originWidth=2000&originHeight=1333","Microsoft","1975","Technology","<p class=""font_8"">When one of Microsoft’s marketing teams sought to reinvent their annual planning “offsite” to establish new goals and a more dynamic and efficient management framework, they turned to Synozur, a leader in strategic consulting. This case study explores how Synozur’s consulting expertise played a pivotal role in revolutionizing Microsoft’s management processes, enhancing team productivity, and fostering innovation.</p>","<p class=""font_8"">Microsoft’s Modern Work organization, part of its’ Cloud Marketing division, is responsible for the marketing and promotion of cutting-edge productivity tools designed to enhance workplace efficiency. &nbsp;Modern Work Marketing has several Product Marketing Groups (“PMGs”) focused on specific product portfolios across Microsoft 365. Each team typically runs at least one annual multi-day “offsite” planning event to prepare for the upcoming fiscal year.</p>
<p class=""font_8""><br></p>
<p class=""font_8"">For one PMG, despite the team’s success in driving product innovation, they lacked a management framework for planning, goal attainment, impact, and team cohesion. Recognizing the need for a more cohesive and agile approach, Microsoft sought Synozur’s expertise to implement a transformative management framework and help with annual planning.</p>","<h3 class=""font_3"">The primary objectives of Synozur’s consulting engagement were to:</h3>
<ul class=""font_8"">
  <li><p class=""font_8"">Support the development of team OKRs and an annual plan</p></li>
  <li><p class=""font_8"">Develop an integrated team management framework</p></li>
  <li><p class=""font_8"">Enhance cross-functional collaboration within the PMG team.</p></li>
  <li><p class=""font_8"">Foster a culture of continuous improvement and innovation.</p></li>
</ul>","<p class=""font_8"">Synozur embarked on a transformative journey with Microsoft’s Modern Work Product Marketing Group (PMG) to establish a new management framework. The objective was to enhance the team's goal-setting capabilities and improve overall efficiency through data-driven behavioral science and the implementation of Objectives and Key Results (OKRs).</p>","<p class=""font_8"">Product marketing groups at Microsoft are responsible for the business side of their products. They oversee a broad range of products, from well-established mature products, features of larger product suites, and new product launches. They need to engage a broad range of stakeholders – including product engineering, field sales, channel partners, and customers across multiple channels to drive revenue and business success.</p>
<p class=""font_8""><br></p>
<p class=""font_8"">Annual planning for marketing (and managing a two-day ""offsite"" retreat) often poses challenges for any team, given the varied levels of experience with goal setting, and the desire to avoid “<strong>BOPSAT</strong>” (Bunch Of People Sit Around Talking”).</p>
<p class=""font_8""><br></p>
<p class=""font_8"">The PMG leader needed to create a new team culture and establish connected goals and OKRs to ensure success or Microsoft. Offsites happen every year at Microsoft, and with recent expansion of the team, it was essential to deliver high-impact planning.</p>
<p class=""font_8"">Synozur's task was to unify the team's approach to defining and achieving goals, thereby fostering a more cohesive and productive working environment.</p>","wix:image://v1/b805ce_41d3c5dae7cc4f389de46561885d15ba~mv2.png/image36.png#originWidth=3840&originHeight=2160","<p class=""font_8"">Synozur adopted a comprehensive and collaborative approach to achieve these objectives. The methodology included:</p>
<p class=""font_8""><br></p>
<h3 class=""font_3""><strong>1. Assessment &amp; Analysis</strong></h3>
<p class=""font_8"">Synozur began with an in-depth assessment of the PMG team’s existing management framework. This involved:</p>
<ul class=""font_8"">
  <li><p class=""font_8"">Conducting pre-interviews with key stakeholders to understand pain points and aspirations.</p></li>
  <li><p class=""font_8"">Analyzing current workflows, communication patterns, and decision-making processes.</p></li>
  <li><p class=""font_8"">Identifying gaps and areas for improvement.</p></li>
</ul>
<p class=""font_8""><br></p>
<h3 class=""font_3""><strong>2. Strategic Framework Development</strong></h3>
<p class=""font_8"">Based on the assessment, Synozur and Microsoft developed the agenda for the offsite meeting, and a plan for establishing a new OKR framework, tailored to the unique needs of the PMG. Key components included:</p>
<ul class=""font_8"">
  <li><p class=""font_8"">Establishing clear roles and responsibilities to eliminate ambiguity.</p></li>
  <li><p class=""font_8"">Implementing agile methodologies to enhance flexibility and responsiveness.</p></li>
  <li><p class=""font_8"">Adjusting weekly and monthly team meetings and feedback loops to improve communication and collaboration.</p></li>
  <li><p class=""font_8"">Setting OKRs to measure progress and drive accountability.</p></li>
</ul>
<h3 class=""font_3""><strong>3. Implementation and Training Offsite</strong></h3>
<p class=""font_8"">The off-site began with Synozur delivering a comprehensive workshop leveraging the data-driven behavioral methodology. This approach helped the team uncover their working styles and identify ways to collaborate more effectively.</p>
<p class=""font_8""><br></p>
<p class=""font_8"">Next, Synozur introduced the team to the concept of OKRs through focused training sessions. Many team members had never previously established or owned personal measurable goals. The training covered the fundamentals of OKRs, how to define them, and how to create new OKRs for the upcoming year.</p>
<p class=""font_8""><br></p>
<p class=""font_8"">Microsoft already had established top line goals for revenue, customer engagement, field readiness, channel partner development, and team development. Using design-led thinking, Synozur facilitated exercises to capture, prioritize, and establish a hierarchy of OKRs with measurable results. Although it may seem well know, it was helpful to review the SMART acronym for key results:</p>
<ul class=""font_8"">
  <li><p class=""font_8""><strong>S</strong>pecific</p></li>
  <li><p class=""font_8""><strong>M</strong>easurable</p></li>
  <li><p class=""font_8""><strong>A</strong>chievable</p></li>
  <li><p class=""font_8""><strong>R</strong>elevant</p></li>
  <li><p class=""font_8""><strong>T</strong>ime-Bound</p></li>
</ul>
<p class=""font_8"">Finally, Synozur helped the team develop its initial list of quarterly projects and deliverable to support the new OKRs. This was reduced to a single slide view of major activities for ease of information with other stakeholders.</p>
<p class=""font_8""><br></p>
<h3 class=""font_3""><strong>4. Operationalize</strong></h3>
<p class=""font_8"">Agreeing on goals is one thing, however operationalizing them is another. Synozur provided individual and group coaching on creating OKRs using Viva Goals, Microsoft’s product for managing organizations OKRs. This included one-on-one time with team members who needed additional support. New rhythms for weekly check-ins and monthly goal reviews were established to create more efficient meetings and ensure that the PMG's goals were met or exceeded.</p>
<p class=""font_8"">Synozur worked closely with the PMG to ensure a smooth transition to the new management framework. This stage involved:</p>
<ul class=""font_8"">
  <li><p class=""font_8"">Conducting workshops and training sessions to familiarize the team with new processes and tools.</p></li>
  <li><p class=""font_8"">Providing ongoing support and guidance to address any challenges during the implementation phase.</p></li>
  <li><p class=""font_8"">Encouraging a culture of continuous learning and improvement.</p></li>
  <li><p class=""font_8"">1:1 team member coaching as needed</p></li>
  <li><p class=""font_8"">Support during weekly and monthly team meetings for several months</p></li>
</ul>","<p class=""font_8"">The implementation of Synozur’s Company OS yielded significant benefits for the PMG team:</p>
<ul class=""font_8"">
  <li><p class=""font_8"">Estimated <strong>$0.5M–$1.0M annual productivity cost avoidance</strong>, with additional <strong>multi‑million‑dollar revenue influence</strong>, resulting from improved planning cadence, cross‑team alignment, and faster marketing execution.</p></li>
  <li><p class=""font_8"">Higher achievement: By promoting and reviewing OKRs as part of the PMG’s management framework, the team was able to identify issues sooner and ensure that OKR goals were met or exceeded, including &gt;100% revenue growth.</p></li>
  <li><p class=""font_8"">Enhanced Collaboration: The new framework facilitated better cross-functional collaboration, breaking down silos and fostering a winning team identity.</p></li>
  <li><p class=""font_8"">Improved Efficiency: Agile methodologies and streamlined processes resulted in faster decision-making and accelerated product marketing initiatives.</p></li>
  <li><p class=""font_8"">Increased Innovation: Regular feedback loops and a focus on continuous improvement encouraged team members to propose new ideas and experiment with innovative strategies.</p></li>
  <li><p class=""font_8"">Clear Accountability: Defined roles, responsibilities, and KPIs ensured that team members were accountable for their contributions, leading to higher performance and productivity.</p></li>
</ul>
<p class=""font_8"">Synozur's consulting not only enhanced Microsoft's goal-setting and operational capabilities but also fostered a more cohesive and collaborative working environment. Team members better understood their own natural behaviors and that of their teammates, resulting in improved alignment of strengths and team efforts.</p>
<p class=""font_8""><br></p>
<p class=""font_8"">The team learned how individual contributions aligned with larger PMG and divisional goals, empowering them to learn from one another's successes. A new monthly communications framework was established to efficiently develop and communicate progress updates to a broad set of leadership stakeholders.</p>","<p class=""font_8""><em>“I couldn’t be happier with the results. We had a great offsite that brought the team together on common goals instead of running as a band of disconnected individuals. We were able to achieve more on our objectives and share them like never before.”</em></p>","Microsoft senior director of product marketing, M365","<p class=""font_8"">Synozur’s consulting expertise played a crucial role in transforming the management framework of Microsoft’s Modern Work Product Marketing Group. By developing and implementing a strategic framework that emphasized collaboration, agility, and continuous improvement, Synozur enabled the PMG to achieve new levels of efficiency and innovation.</p>","[""Strategy""]","/case-studies/","When one of Microsoft’s marketing teams sought to reinvent their annual planning “offsite” to establish new goals and a more dynamic and efficient management framework, they turned to Synozur, a leader in strategic consulting. Synozur’s expertise played a pivotal role in revolutionizing Microsoft’s management processes, enhancing team productivity, and fostering innovation. As a result, Microsoft saw an estimated $0.5M–$1.0M in annual productivity cost avoidance, with additional multi‑million‑dollar revenue influence, resulting from improved planning cadence, cross‑team alignment, and faster marketing execution."
"Energy company reinvents employee experience and effectiveness","/case-studies/energy-company-reinvents-employee-expereince-and-effectiveness","61836a25-bed3-42af-aafc-98bfffe76ddb",2025-02-27T16:19:16Z,2026-03-20T15:17:41Z,"b805cef0-823c-4610-b623-a9de8636fce2","wix:image://v1/b805ce_d48bad9f6faa40e58e764f1ead186a5a~mv2.jpg/Ofc17_Truck_Sonia_001.jpg#originWidth=2000&originHeight=1333","North American Energy Company","1920","Energy","<p class=""font_8"">A North American energy company, facing substantial challenges in employee engagement and communication for their 12,000+ employees, engaged Synozur to revamp their approach. Synozur conducted detailed employee journey mapping and developed personalized, relevant tools and information to improve user experience, addressing issues with the outdated intranet and poor engagement tools.</p>","<p class=""font_8"">A North American energy company faced significant challenges with employee engagement and communications for their 12,000+ employees. Internal research and surveys highlighted a crucial need for improved engagement and communication tools, revealing widespread dissatisfaction among staff.</p>","<h3 class=""font_3"">The primary objectives for the project were:</h3>
<ul class=""font_8"">
  <li><p class=""font_8"">To revamp the outdated intranet and make it more user-friendly.</p></li>
  <li><p class=""font_8"">To enhance employee engagement and communication tools.</p></li>
  <li><p class=""font_8"">To improve productivity, collaboration, and overall employee satisfaction.</p></li>
</ul>","<p class=""font_8"">The company engaged Synozur to create a new approach to employee engagement. Synozur conducted detailed employee journey mapping to understand user needs and create a new user experience. Bright spots included news, links, and people search, while pain points include difficult publishing, poor search results, and outdated content.</p>","<h3 class=""font_3"">Problems</h3>
<ul class=""font_8"">
  <li><p class=""font_8"">The existing intranet was outdated and not user-friendly.</p></li>
  <li><p class=""font_8"">Employees were dissatisfied with engagement and communication tools.</p></li>
  <li><p class=""font_8"">Productivity, collaboration, and overall employee satisfaction were substandard.</p></li>
</ul>","wix:image://v1/b805ce_7a5d9f47e6df42c6a2dab307ce8c4cf3~mv2.png/SA-Logo-Horizontal-color.png#originWidth=717&originHeight=195","<p class=""font_8"">Synozur developed key experience principles for the client:</p>
<ul class=""font_8"">
  <li><p class=""font_8"">The need for personalized and relevant tools and information</p></li>
  <li><p class=""font_8"">Quick access to actions and tools</p></li>
  <li><p class=""font_8"">Better integration with existing tools rather than duplicating functionality</p></li>
</ul>
<p class=""font_8"">Synozur used a workshop-centered approach to develop user insights, requirements, and personas to tailor the intranet design to different user groups.</p>
<ul class=""font_8"">
  <li><p class=""font_8"">Employed a Minimum Lovable Product (MLP) design to ensure the platform was both functional and appealing.</p></li>
  <li><p class=""font_8"">The vision and roadmap centered on creating a personalized, efficient, and engaging experience for employees, with key scenarios driving decisions about content and functionality access.</p></li>
</ul>","<p class=""font_8"">Synozur’s design was instrumental in elevating employee experience on the intranet and for future employee-centered initiatives. Key attributes include:</p>
<ul class=""font_8"">
  <li><p class=""font_8"">Estimated <strong>$2.0M–$6.0M annual productivity gains</strong>, based on reduced information‑search time, streamlined internal communications, and improved employee engagement across a 12,000+ employee workforce.</p></li>
  <li><p class=""font_8"">Features and capabilities grouped into five themes: Search and Find, People and Profiles, News and Events, Community, and Navigation.</p></li>
  <li><p class=""font_8"">Site disposition strategy based on the primary purpose and audience, leveraging different publishing tools for different types of content.</p></li>
  <li><p class=""font_8"">Personalized search delivering security-trimmed results, with options for filtering by source, type, function, or segment</p></li>
</ul>
<p class=""font_8"">As a result, the client has aligned business goals with a cohesive and dynamic digital workspace.</p>","<p class=""font_8""><em>""Synozur's impact through this project has truly revolutionized how our employees interact and collaborate, positioning us for greater innovation and success""</em></p>","Vice President of Digital Collaboration","<p class=""font_8"">Synozur's impact through this project has truly revolutionized how our employees interact and collaborate, positioning us for greater innovation and success.</p>","[""Employee Effectiveness""]","/case-studies/","A North American energy company, facing substantial challenges in employee engagement and communication for their 12,000+ employees, engaged Synozur to revamp their approach. Synozur conducted detailed employee journey mapping and developed personalized, relevant tools and information to improve user experience, addressing issues with the outdated intranet and poor engagement tools. As a result, they saw an estimated $2.0M–$6.0M in annual productivity gains, based on reduced information‑search time, streamlined internal communications, and improved employee engagement across a 12,000+ employee workforce.
"
"Accelerating Go-To-Market for a leading AI ISV","/case-studies/accelerating-go-to-market-for-a-leading-ai-isv","8f290728-fa10-420d-935b-0744b7a11619",2025-03-04T03:13:36Z,2026-03-20T15:24:36Z,"b805cef0-823c-4610-b623-a9de8636fce2","wix:image://v1/b805ce_03dd23de63224d67a613ec1398ab3143~mv2.jpeg/AdobeStock_456986840.jpeg#originWidth=6720&originHeight=4480","Leading AI ISV","2004","Software","<p class=""font_8"">Our client, a leading independent software vendor (ISV), developed an app for generative AI systems like Microsoft Copilot to integrate disconnected content. Synozur was engaged for fractional product and marketing leadership to drive mew messaging, new app designs, and strategic go-to-market plans, recruiting sales leaders and mentoring staff to drive a successful product launch.</p>","<p class=""font_8"">Our client, a leading independent software vendor (ISV), had developed a revolutionary app to integrate multiple data sources for generative AI systems like Copilot. &nbsp;For AI, content can be spread across disconnected silos, with inconsistent content quality, and difficulties in ensuring accessibility and compliance. &nbsp;Their product connects dozens of business content systems; catalogs all content in a central app to manage, classify, and secure content; and publishes approved content to selected AI applications like Microsoft Copilot.</p>","<p class=""font_8"">The client faced challenges in launching their generative AI integration app due to a compressed timeline and the need to explain the product quickly. They needed strategic leadership and marketing expertise to effectively introduce their product to the market and ensure accessibility and compliance.</p>","<p class=""font_8"">Synozur was engaged for fractional leadership and marketing to address their product development and go to market strategies.</p>","<p class=""font_8"">Our client needed to introduce their AI integration product within a compressed timeline, facing challenges in managing and securing disparate content sources. They required strategic leadership in product development and marketing to effectively position and launch their revolutionary app in the competitive market.</p>","wix:image://v1/b805ce_7a5d9f47e6df42c6a2dab307ce8c4cf3~mv2.png/SA-Logo-Horizontal-color.png#originWidth=717&originHeight=195","<p class=""font_8"">Synozur established a comprehensive Messaging and Positioning Framework (MPF). &nbsp;A Messaging and Positioning Framework (MPF) is a strategic tool used to articulate and communicate the key messages and value propositions of a product or service. It ensures that all stakeholders, including employees, partners, and customers, have a consistent and clear understanding of what the product offers, how it differentiates from competitors, and the benefits it delivers.</p>
<p class=""font_8""><br></p>
<p class=""font_8"">We undertook an in-depth analysis of the ISV’s product, market, competition, and target audience. We conducted a series of interviews with key stakeholders, including the client's leadership team, product managers, and sales representatives.</p>
<p class=""font_8""><br></p>
<p class=""font_8"">In addition, Synozur facilitated workshops to test and develop product names and messaging concepts that brought together cross-functional teams from the client organization. These workshops served as collaborative sessions to brainstorm, refine, and validate the key messages and positioning statements. The outcome of this rigorous process was a well-defined Messaging and Positioning Framework that guided the creation of marketing materials, sales pitches, and customer communications, ensuring that the product was introduced and explained to customers in a clear, compelling, and consistent manner.</p>
<p class=""font_8""><br></p>
<p class=""font_8"">Synozur also designed a conceptual app user experience that streamlined the process of gathering, securing, enriching, and preparing content from multiple external data sources. This unified app aimed to provide a seamless and intuitive experience for users, enabling them to leverage AI-driven insights and drive smarter, faster, and more innovative operations.</p>
<p class=""font_8""><br></p>
<p class=""font_8"">Finally, Synozur developed a strategic go-to-market plan. We played a crucial role in recruiting sales leaders and mentoring sales and marketing staff, as well as developing early-stage customer prospects. Our efforts included developing blog posts, web content and press releases, working on the pricing model and channel strategy, and ensuring the client's readiness for the market launch.</p>","<p class=""font_8"">As a result, the client was able to announce their product on schedule, and promote it at major industry events. They’ve been able to drive customer awareness and intent while amplifying investment interest in their firm. Most importantly, they acheived an estimated <strong>$0.8M–$1.2M incremental revenue over 12–24 months</strong>&nbsp;and <strong>$250K–$500K in cost avoidance</strong>, enabled by accelerated go‑to‑market execution, clearer positioning, and higher early‑stage conversion.</p>","<p class=""font_8""><em>""Our partnership has been instrumental in transforming our AI go-to-market. We’re able to clearly communicate and deliver value to our customers and drive new revenue streams.""</em></p>","CEO, Leading AI ISV","<p class=""font_8"">This project exemplifies our commitment to helping clients define and introduce new products to the market through innovative solutions and strategic collaboration.</p>","[""Fractional CxO"",""Marketing""]","/case-studies/","Our client, a leading independent software vendor (ISV), developed an app for generative AI systems like Microsoft Copilot to integrate disconnected content. Synozur was engaged for fractional product and marketing leadership to drive mew messaging, new app designs, and strategic go-to-market plans, recruiting sales leaders and mentoring staff to drive a successful product launch. As a result they achieved an estimated $0.8M–$1.2M incremental revenue over 12–24 months and $250K–$500K in cost avoidance, enabled by accelerated go‑to‑market execution, clearer positioning, and higher early‑stage conversion."
"AI & Governance Acceleration for Private Equity","/case-studies/ai-%26-governance-acceleration-for-private-equity","b028d654-e232-4216-939e-30a769adfc55",2026-02-15T20:54:47Z,2026-03-20T15:06:30Z,"b805cef0-823c-4610-b623-a9de8636fce2","wix:image://v1/b805ce_a67e17e43687429ebb2e6bffe60af815~mv2.jpeg/AdobeStock_502007078.jpeg#originWidth=6627&originHeight=4418","US Private Equity","1995","Finance","<p class=""font_8"">A private equity firm partnered with Synozur to rapidly accelerate AI readiness while strengthening governance, security, and executive alignment.</p>","<p class=""font_8"">AI opportunities were emerging across the business, but without coordination risked fragmentation, duplication, and governance gaps.</p>","<p class=""font_8"">Enable fast, responsible AI progress with clear leadership ownership and measurable outcomes aligned to enterprise value creation.</p>","<p class=""font_8"">Speed mattered—but so did discipline. Leadership needed momentum without sacrificing control.</p>","<p class=""font_8"">In a PE environment, initiatives must show progress quickly while maintaining governance, security, and operational rigor.</p>",,"<p class=""font_8"">Synozur designed and guided a <strong>12‑week AI readiness and governance program</strong>, working alongside executive leadership.</p>
<p class=""font_8"">Our work included:</p>
<ul class=""font_8"">
  <li><p class=""font_8"">Establishing an executive AI steering committee for M365 Copilot and ChatGPT Enterprise</p></li>
  <li><p class=""font_8"">AI and Microsoft 365 maturity assessments</p></li>
  <li><p class=""font_8"">Development of a go-forward content governance, security and compliance program with Microsoft Purview</p></li>
  <li><p class=""font_8"">Prioritized AI use‑case identification</p></li>
  <li><p class=""font_8"">Sprint‑based roadmap with checkpoints and metrics</p></li>
</ul>","<ul class=""font_8"">
  <li><p class=""font_8"">Stronger governance and executive alignment</p></li>
  <li><p class=""font_8"">Improved readiness to scale AI responsibly</p></li>
  <li><p class=""font_8"">Faster, more confident decision‑making</p></li>
  <li><p class=""font_8"">Repeatable framework for future innovation</p></li>
</ul>","<p class=""font_8"">“Synozur helped us move quickly without losing control. We gained clarity, structure, and confidence—exactly what we needed.”</p>","'- Technology Operating Partner","<p class=""font_8"">The company now treats AI as a strategic asset—guided by leadership, governed with intent, and aligned to long‑term value.</p>","[""AI"",""Security and Compliance""]","/case-studies/","A private equity firm partnered with Synozur to rapidly accelerate AI readiness while strengthening governance, security, and executive alignment."
"Executive AI Readiness at a Leading Education Technology Company","/case-studies/executive-ai-readiness-at-a-leading-education-technology-company","b6765ace-6d84-45ee-bc6d-289a2bd2172f",2026-02-15T20:38:10Z,2026-03-20T15:02:29Z,"b805cef0-823c-4610-b623-a9de8636fce2","wix:image://v1/b805ce_3c46f10e30d6494f9961c3c265212750~mv2.jpeg/AdobeStock_670678012.jpeg#originWidth=5472&originHeight=3204","North American Education Technology Company","1969","Education Technology","<p class=""font_8"">A leading education technology organization partnered with Synozur to assess AI readiness, align leadership, and define a practical roadmap for responsible AI adoption.</p>","<p class=""font_8"">While leadership understood AI’s potential, conversations lacked a shared baseline. Without clarity on readiness, skills, and priorities, momentum was difficult to sustain.</p>","<p class=""font_8"">Create executive alignment around AI, establish a readiness baseline, and define next steps grounded in educational outcomes—not experimentation.</p>","<p class=""font_8"">The organization sought clarity before action—ensuring AI investments would support learners, educators, and operational excellence.</p>","<p class=""font_8"">Operating in a mission‑driven, outcomes‑focused environment, leaders needed confidence that AI decisions would align with both values and impact.</p>",,"<p class=""font_8"">Synozur delivered an <strong>AI Academy for executive leadership</strong>, paired with an <a href=""https://orion.synozur.com""><u><strong>Orion</strong></u></a><strong>‑based AI readiness assessment</strong> to establish a shared understanding and fact‑based roadmap.</p>
<p class=""font_8""><br></p>
<p class=""font_8"">Our work included:</p>
<ul class=""font_8"">
  <li><p class=""font_8"">Executive education tailored to education‑sector realities</p></li>
  <li><p class=""font_8"">AI readiness assessment across leadership roles</p></li>
  <li><p class=""font_8"">Facilitated prioritization of high‑impact, low‑risk use cases</p></li>
  <li><p class=""font_8"">A phased roadmap aligned to learning and operational goals</p></li>
</ul>","<ul class=""font_8"">
  <li><p class=""font_8"">Shared executive language and alignment around AI</p></li>
  <li><p class=""font_8"">Clear understanding of organizational readiness</p></li>
  <li><p class=""font_8"">Prioritized roadmap for responsible AI adoption</p></li>
  <li><p class=""font_8"">Increased confidence to move forward with purpose</p></li>
</ul>","<p class=""font_8"">“Synozur gave our leadership team clarity. We now have a common understanding of what AI can—and should—do for our organization.”</p>","'- Executive Leader","<p class=""font_8"">With clarity and alignment in place, the organization is positioned to adopt AI thoughtfully—guided by outcomes, not uncertainty.</p>","[""AI"",""Executive"",""Strategy""]","/case-studies/","<p class=""font_8"">A leading education technology organization partnered with Synozur to assess AI readiness, align leadership, and define a practical roadmap for responsible AI adoption.</p>"
"Story Cellars and Synozur - Craft and Culture","/case-studies/story-cellars","f90349b6-2ede-41c6-b340-5e5ee4e92474",2025-03-15T23:13:58Z,2026-03-20T15:05:21Z,"b805cef0-823c-4610-b623-a9de8636fce2","wix:image://v1/b805ce_7aa5db4e2dbc41eeb703c838bb75db8f~mv2.png/IMG_4464.PNG#originWidth=1500&originHeight=970","Story Cellars","2016","Consumer Products","<p class=""font_8"">Story Cellars was founded in 2016 by Tim Oas. Tim is a pioneer in crafting Washington state wines from their winery in Woodinville, Washington. We chose to partner with Story Cellars because we believe in Tim and love his approach to winemaking. The <em><strong>Velvet Vega Zin</strong></em> has been a labor of love for Tim and a great partnership for us.</p>","<p class=""font_8"">A main theme for Synozur is collaboration - and who doesn’t love a good collaboration, right? We're proud to have a great partnership with Tim Oas and Story Cellars.</p>","<p class=""font_8"">We chose to partner with Story Cellars because we believe in Tim and love his approach to winemaking. The <em><strong>Velvet Vega Zin</strong></em>&nbsp; has been a labor of love for Tim and a great partnership for us.</p>
<p class=""font_8""><br></p>
<p class=""font_8"">If you were at his shop, he would tell you about the ancient zinfandel vines he nurtured to produce this fabulous vino.</p>
<p class=""font_8""><br></p>
<p class=""font_8"">There are two things Tim says are the keys to success, being <strong>Unique</strong>&nbsp;and <strong>Determined</strong>! We at Synozur couldn’t agree more.</p>","<p class=""font_8"">If you were at his shop, Tim would tell you about the ancient zinfandel vines he nurtured to produce this fabulous vino.</p>","<p class=""font_8"">There are two things Tim says are the keys to success, being <strong>Unique</strong>&nbsp;and <strong>Determined</strong>! We at Synozur couldn’t agree more.</p>","wix:image://v1/b805ce_9aea5ecd5cdb43ed9b05cb78763f96a0~mv2.png/IMG_4466.PNG#originWidth=1500&originHeight=970",,,"<p class=""font_8""><em>""Our partnership with Synozur continues to open up new ways of thinking and developing oiur customer relationships.""</em></p>","Tim Oas, Owner and Winemaker","<p class=""font_8"">Thank you for your valued partnership with us on your journey to transform your workplace and achieve your North Star vision.</p>","[""Marketing""]","/case-studies/","Story Cellars was founded in 2016 by Tim Oas. Tim is a pioneer in crafting Washington state wines from their winery in Woodinville, Washington. We chose to partner with Story Cellars because we believe in Tim and love his approach to winemaking. The Velvet Vega Zin has been a labor of love for Tim and a great partnership for us."
"Go‑to‑Market Transformation for a Microsoft‑Aligned Software Company","/case-studies/go%E2%80%91to%E2%80%91market-transformation-for-a-microsoft%E2%80%91aligned-software-company","fa126a58-a401-4d64-a0df-81559291be22",2026-02-15T20:47:50Z,2026-03-20T15:02:29Z,"b805cef0-823c-4610-b623-a9de8636fce2","wix:image://v1/b805ce_03ce5f0a768b4717b69e003ba4760efa~mv2.jpeg/AdobeStock_249826261.jpeg#originWidth=6240&originHeight=4160","US Enterprise Software Company","2005","Enterprise Software","<p class=""font_8"">A Microsoft‑aligned software company partnered with Synozur to clarify its go‑to‑market strategy, sharpen messaging, align to Microsoft, and strengthen partner engagement.</p>","<p class=""font_8"">Despite a strong product, messaging lacked focus and partner engagement was inconsistent—limiting momentum in a competitive market.</p>","<p class=""font_8"">Create clear positioning, align to Microsoft sales motions, and establish a repeatable GTM rhythm.</p>","<p class=""font_8"">Leadership recognized that growth required clarity—not more activity.</p>","<p class=""font_8"">Operating inside the Microsoft ecosystem, alignment and relevance were critical to sales and partner success.</p>",,"<p class=""font_8"">Synozur led a <strong>Go‑to‑Market Workshop</strong>, acting as both strategist and proxy customer.</p>
<p class=""font_8"">Our work included:</p>
<ul class=""font_8"">
  <li><p class=""font_8"">Messaging and positioning refinement</p></li>
  <li><p class=""font_8"">Alignment to Microsoft priorities and motions</p></li>
  <li><p class=""font_8"">Partner enablement strategy design</p></li>
  <li><p class=""font_8"">Sales and leadership coaching</p></li>
  <li><p class=""font_8"">Market research and focus group development</p></li>
  <li><p class=""font_8"">Brand strategy and development</p></li>
</ul>","<p class=""font_8""><br></p>
<ul class=""font_8"">
  <li><p class=""font_8"">Clearer market positioning</p></li>
  <li><p class=""font_8"">Stronger Microsoft partner alignment</p></li>
  <li><p class=""font_8"">Improved sales confidence and consistency</p></li>
  <li><p class=""font_8"">Increased partner‑sourced pipeline</p></li>
</ul>","<p class=""font_8"">“Synozur helped us tell a clearer story—one that resonates with customers and partners alike.”</p>","'- Chief Revenue Officer","<p class=""font_8"">With a focused GTM strategy in place, the company is positioned for sustained growth and stronger ecosystem impact.</p>","[""Marketing"",""GTM"",""Microsoft"",""Fractional CxO""]","/case-studies/","<p class=""font_8"">A Microsoft‑aligned software company partnered with Synozur to clarify its go‑to‑market strategy, sharpen messaging, align to Microsoft, and strengthen partner engagement.</p>"
