"Title","ID","Created Date","Updated Date","Owner","Type","Image","Description","Active","URL","Tags","Published","Short Description","Text Color","Models_relatedInformation"
"Fractional CxOs Get Our Undivided Attention","0d1b8672-bae5-4960-8995-7b105e02d33e",2025-03-12T07:52:00Z,2025-06-16T02:00:27Z,"b805cef0-823c-4610-b623-a9de8636fce2","PODCAST","wix:image://v1/b805ce_72bca012904b42a6baf4505fd776ee62~mv2.jpg/Polaris%20Square%20Alternate.JPG#originWidth=816&originHeight=816","{""nodes"":[{""type"":""PARAGRAPH"",""id"":""foo"",""nodes"":[{""type"":""TEXT"",""id"":"""",""nodes"":[],""textData"":{""text"":""Our latest episode of our "",""decorations"":[{""type"":""COLOR"",""colorData"":{""background"":""var(--ricos-custom-p-background-color,unset)"",""foreground"":""var(--ricos-custom-p-color,unset)""}}]}},{""type"":""TEXT"",""id"":"""",""nodes"":[],""textData"":{""text"":""Polaris"",""decorations"":[{""type"":""COLOR"",""colorData"":{""background"":""transparent"",""foreground"":""var(--ricos-custom-link-color,var(--ricos-action-color,#116dff))""}},{""type"":""LINK"",""linkData"":{""link"":{""url"":""https://polaris.synozur.com/"",""target"":""BLANK""}}}]}},{""type"":""TEXT"",""id"":"""",""nodes"":[],""textData"":{""text"":"" podcast, "",""decorations"":[{""type"":""COLOR"",""colorData"":{""background"":""var(--ricos-custom-p-background-color,unset)"",""foreground"":""var(--ricos-custom-p-color,unset)""}}]}},{""type"":""TEXT"",""id"":"""",""nodes"":[],""textData"":{""text"":""“Fractional CxOs Get Our Undivided Attention"",""decorations"":[{""type"":""BOLD"",""fontWeightValue"":700},{""type"":""COLOR"",""colorData"":{""background"":""transparent"",""foreground"":""var(--ricos-custom-p-color,unset)""}}]}},{""type"":""TEXT"",""id"":"""",""nodes"":[],""textData"":{""text"":""“dives into the evolving role of fractional executive leaders, or CxOs. We explore why fractional CxOs are becoming more prevalent and what they mean for businesses today."",""decorations"":[{""type"":""COLOR"",""colorData"":{""background"":""var(--ricos-custom-p-background-color,unset)"",""foreground"":""var(--ricos-custom-p-color,unset)""}}]}}],""paragraphData"":{""textStyle"":{""textAlignment"":""AUTO""},""indentation"":0}},{""paragraphData"":{""textStyle"":{""textAlignment"":""AUTO""}},""style"":{},""id"":""9e51v778"",""nodes"":[],""type"":""PARAGRAPH""},{""paragraphData"":{""textStyle"":{""textAlignment"":""AUTO""}},""style"":{},""id"":""viewer-q2tv620278"",""nodes"":[{""type"":""TEXT"",""id"":"""",""nodes"":[],""textData"":{""text"":""Our guest is Michelle Caldwell, the CEO and founder of Synozur."",""decorations"":[{""type"":""COLOR"",""colorData"":{""background"":""var(--ricos-custom-p-background-color,unset)"",""foreground"":""var(--ricos-custom-p-color,unset)""}}]}}],""type"":""PARAGRAPH""}],""documentStyle"":{}}",true,"/post/polaris-podcast-fractional-cxos-get-our-undivided-attention","[""FCXO""]","2025-01-28","<p class=""font_8"">Our latest episode of our <a href=""https://polaris.synozur.com/"" rel=""noopener"" target=""_blank"">Polaris</a>&nbsp;podcast, <strong>“Fractional CxOs Get Our Undivided Attention</strong>“dives into the evolving role of fractional executive leaders, or CxOs.</p>","#312E34",
"Executive AI Readiness at a Leading Education Technology Company","12a63ccb-ae7d-4de9-8436-b0c3a88e1010",2026-02-15T21:03:13Z,2026-02-15T21:04:47Z,"b805cef0-823c-4610-b623-a9de8636fce2","CASE STUDY","wix:image://v1/b805ce_3c46f10e30d6494f9961c3c265212750~mv2.jpeg/AdobeStock_670678012.jpeg#originWidth=5472&originHeight=3204","{""nodes"":[{""type"":""PARAGRAPH"",""id"":""v3y1p450"",""nodes"":[{""type"":""TEXT"",""id"":"""",""nodes"":[],""textData"":{""text"":""A leading education technology organization partnered with Synozur to assess AI readiness, align leadership, and define a practical roadmap for responsible AI adoption."",""decorations"":[]}}],""paragraphData"":{""textStyle"":{""textAlignment"":""AUTO""}}}],""metadata"":{""version"":1,""createdTimestamp"":{""$date"":""2026-02-15T21:04:17.479Z""},""updatedTimestamp"":{""$date"":""2026-02-15T21:04:17.479Z""},""id"":""7f1d229b-73a2-46ad-81c2-93c2566a7609""}}",true,"/case-studies/executive-ai-readiness-at-a-leading-education-technology-company","[""AI"",""Technology"",""Microsoft""]","2026-02-15","<p class=""font_8"">A leading education technology organization partnered with Synozur to assess AI readiness, align leadership, and define a practical roadmap for responsible AI adoption.</p>","#312E34",
"FY26 Forward","1bd9ff9a-0653-4478-a1db-4c2e63273ca2",2025-08-02T00:26:09Z,2025-08-02T00:28:55Z,"b805cef0-823c-4610-b623-a9de8636fce2","WEBINAR","wix:image://v1/b805ce_ac5cf863cfb04057a7fd1330688fa92b~mv2.jpeg/AdobeStock_603269233.jpeg#originWidth=5966&originHeight=3982","{""nodes"":[{""paragraphData"":{""textStyle"":{""textAlignment"":""AUTO""}},""style"":{},""id"":""viewer-4xxgn658"",""nodes"":[{""type"":""TEXT"",""id"":"""",""nodes"":[],""textData"":{""text"":""Microsoft’s new fiscal year brings new priorities – and unprecedented opportunities – for its partner ecosystem."",""decorations"":[{""type"":""BOLD"",""fontWeightValue"":700},{""type"":""COLOR"",""colorData"":{""background"":""transparent"",""foreground"":""rgb(49, 46, 52)""}}]}},{""type"":""TEXT"",""id"":"""",""nodes"":[],""textData"":{""text"":"" As Microsoft enters FY26, partners face a landscape reshaped by AI innovation and shifting go-to-market strategies. In this webinar, Synozur’s CEO Michelle Caldwell, and CTO Chris McNulty, will draw on insider experience from Microsoft  in a fireside chatt to help partners chart a winning course. "",""decorations"":[{""type"":""COLOR"",""colorData"":{""background"":""rgba(0, 0, 0, 0)"",""foreground"":""rgb(49, 46, 52)""}}]}}],""type"":""PARAGRAPH""},{""paragraphData"":{""textStyle"":{""textAlignment"":""AUTO""}},""style"":{},""id"":""kg2dg2165"",""nodes"":[],""type"":""PARAGRAPH""},{""paragraphData"":{""textStyle"":{""textAlignment"":""AUTO""}},""style"":{},""id"":""viewer-itx6f281"",""nodes"":[{""type"":""TEXT"",""id"":"""",""nodes"":[],""textData"":{""text"":""We’ll unpack Microsoft’s FY26 focus areas – from "",""decorations"":[{""type"":""COLOR"",""colorData"":{""background"":""rgba(0, 0, 0, 0)"",""foreground"":""rgb(49, 46, 52)""}}]}},{""type"":""TEXT"",""id"":"""",""nodes"":[],""textData"":{""text"":""direct enterprise engagement"",""decorations"":[{""type"":""BOLD"",""fontWeightValue"":700},{""type"":""COLOR"",""colorData"":{""background"":""transparent"",""foreground"":""rgb(49, 46, 52)""}}]}},{""type"":""TEXT"",""id"":"""",""nodes"":[],""textData"":{""text"":"" to empowering "",""decorations"":[{""type"":""COLOR"",""colorData"":{""background"":""rgba(0, 0, 0, 0)"",""foreground"":""rgb(49, 46, 52)""}}]}},{""type"":""TEXT"",""id"":"""",""nodes"":[],""textData"":{""text"":""mid-market and SMB customers"",""decorations"":[{""type"":""BOLD"",""fontWeightValue"":700},{""type"":""COLOR"",""colorData"":{""background"":""transparent"",""foreground"":""rgb(49, 46, 52)""}}]}},{""type"":""TEXT"",""id"":"""",""nodes"":[],""textData"":{""text"":"" – and explore how partners can align with these priorities to accelerate customer value. Special attention will be given to Microsoft’s "",""decorations"":[{""type"":""COLOR"",""colorData"":{""background"":""rgba(0, 0, 0, 0)"",""foreground"":""rgb(49, 46, 52)""}}]}},{""type"":""TEXT"",""id"":"""",""nodes"":[],""textData"":{""text"":""AI advancements"",""decorations"":[{""type"":""BOLD"",""fontWeightValue"":700},{""type"":""COLOR"",""colorData"":{""background"":""transparent"",""foreground"":""rgb(49, 46, 52)""}}]}},{""type"":""TEXT"",""id"":"""",""nodes"":[],""textData"":{""text"":"" (like "",""decorations"":[{""type"":""COLOR"",""colorData"":{""background"":""rgba(0, 0, 0, 0)"",""foreground"":""rgb(49, 46, 52)""}}]}},{""type"":""TEXT"",""id"":"""",""nodes"":[],""textData"":{""text"":""Microsoft 365 Copilot"",""decorations"":[{""type"":""BOLD"",""fontWeightValue"":700},{""type"":""COLOR"",""colorData"":{""background"":""transparent"",""foreground"":""rgb(49, 46, 52)""}}]}},{""type"":""TEXT"",""id"":"""",""nodes"":[],""textData"":{""text"":"", "",""decorations"":[{""type"":""COLOR"",""colorData"":{""background"":""rgba(0, 0, 0, 0)"",""foreground"":""rgb(49, 46, 52)""}}]}},{""type"":""TEXT"",""id"":"""",""nodes"":[],""textData"":{""text"":""Copilot Studio"",""decorations"":[{""type"":""BOLD"",""fontWeightValue"":700},{""type"":""COLOR"",""colorData"":{""background"":""transparent"",""foreground"":""rgb(49, 46, 52)""}}]}},{""type"":""TEXT"",""id"":"""",""nodes"":[],""textData"":{""text"":"", and "",""decorations"":[{""type"":""COLOR"",""colorData"":{""background"":""rgba(0, 0, 0, 0)"",""foreground"":""rgb(49, 46, 52)""}}]}},{""type"":""TEXT"",""id"":"""",""nodes"":[],""textData"":{""text"":""Azure AI Foundry"",""decorations"":[{""type"":""BOLD"",""fontWeightValue"":700},{""type"":""COLOR"",""colorData"":{""background"":""transparent"",""foreground"":""rgb(49, 46, 52)""}}]}},{""type"":""TEXT"",""id"":"""",""nodes"":[],""textData"":{""text"":"") and how they open new service avenues for partners. "",""decorations"":[{""type"":""COLOR"",""colorData"":{""background"":""rgba(0, 0, 0, 0)"",""foreground"":""rgb(49, 46, 52)""}}]}}],""type"":""PARAGRAPH""},{""paragraphData"":{""textStyle"":{""textAlignment"":""AUTO""}},""style"":{},""id"":""7nxe22179"",""nodes"":[],""type"":""PARAGRAPH""},{""paragraphData"":{""textStyle"":{""textAlignment"":""AUTO""}},""style"":{},""id"":""viewer-y5gy9295"",""nodes"":[{""type"":""TEXT"",""id"":"""",""nodes"":[],""textData"":{""text"":""We’ll also discuss Microsoft’s ongoing push for "",""decorations"":[{""type"":""COLOR"",""colorData"":{""background"":""rgba(0, 0, 0, 0)"",""foreground"":""rgb(49, 46, 52)""}}]}},{""type"":""TEXT"",""id"":"""",""nodes"":[],""textData"":{""text"":""Microsoft 365 E5"",""decorations"":[{""type"":""BOLD"",""fontWeightValue"":700},{""type"":""COLOR"",""colorData"":{""background"":""transparent"",""foreground"":""rgb(49, 46, 52)""}}]}},{""type"":""TEXT"",""id"":"""",""nodes"":[],""textData"":{""text"":"" adoption and identify “"",""decorations"":[{""type"":""COLOR"",""colorData"":{""background"":""rgba(0, 0, 0, 0)"",""foreground"":""rgb(49, 46, 52)""}}]}},{""type"":""TEXT"",""id"":"""",""nodes"":[],""textData"":{""text"":""blue water"",""decorations"":[{""type"":""BOLD"",""fontWeightValue"":700},{""type"":""COLOR"",""colorData"":{""background"":""transparent"",""foreground"":""rgb(49, 46, 52)""}}]}},{""type"":""TEXT"",""id"":"""",""nodes"":[],""textData"":{""text"":""” opportunities where partners can thrive away from the crowded AI spotlight. Attendees will come away with actionable insights into co-selling with Microsoft, tailoring solutions to Microsoft’s roadmap, and differentiating their offerings in a competitive market."",""decorations"":[{""type"":""COLOR"",""colorData"":{""background"":""rgba(0, 0, 0, 0)"",""foreground"":""rgb(49, 46, 52)""}}]}}],""type"":""PARAGRAPH""},{""paragraphData"":{""textStyle"":{""textAlignment"":""AUTO""}},""style"":{},""id"":""ntkaw2185"",""nodes"":[],""type"":""PARAGRAPH""},{""paragraphData"":{""textStyle"":{""textAlignment"":""AUTO""}},""style"":{},""id"":""viewer-47d41301"",""nodes"":[{""type"":""TEXT"",""id"":"""",""nodes"":[],""textData"":{""text"":""Learning Objectives:"",""decorations"":[{""type"":""BOLD"",""fontWeightValue"":700},{""type"":""COLOR"",""colorData"":{""background"":""transparent"",""foreground"":""rgb(49, 46, 52)""}}]}},{""type"":""TEXT"",""id"":"""",""nodes"":[],""textData"":{""text"":"" By the end of this webinar, participants will be able to:"",""decorations"":[{""type"":""COLOR"",""colorData"":{""background"":""rgba(0, 0, 0, 0)"",""foreground"":""rgb(49, 46, 52)""}}]}}],""type"":""PARAGRAPH""},{""type"":""BULLETED_LIST"",""id"":""cjz402188"",""nodes"":[{""type"":""LIST_ITEM"",""id"":""4svfj2189"",""nodes"":[{""paragraphData"":{""textStyle"":{""textAlignment"":""AUTO""}},""style"":{},""id"":""viewer-vmmmu306"",""nodes"":[{""type"":""TEXT"",""id"":"""",""nodes"":[],""textData"":{""text"":""Identify Microsoft’s key FY26 strategic priorities"",""decorations"":[{""type"":""BOLD"",""fontWeightValue"":700},{""type"":""COLOR"",""colorData"":{""background"":""transparent"",""foreground"":""rgb(49, 46, 52)""}}]}},{""type"":""TEXT"",""id"":"""",""nodes"":[],""textData"":{""text"":"" (e.g. pervasive AI and core cloud offerings) and understand their implications for partners.  "",""decorations"":[{""type"":""COLOR"",""colorData"":{""background"":""rgba(0, 0, 0, 0)"",""foreground"":""rgb(49, 46, 52)""}}]}}],""type"":""PARAGRAPH""}]},{""type"":""LIST_ITEM"",""id"":""xhwp82192"",""nodes"":[{""paragraphData"":{""textStyle"":{""textAlignment"":""AUTO""}},""style"":{},""id"":""viewer-wfwex310"",""nodes"":[{""type"":""TEXT"",""id"":"""",""nodes"":[],""textData"":{""text"":""Align their go-to-market strategies with Microsoft’s focus"",""decorations"":[{""type"":""BOLD"",""fontWeightValue"":700},{""type"":""COLOR"",""colorData"":{""background"":""transparent"",""foreground"":""rgb(49, 46, 52)""}}]}},{""type"":""TEXT"",""id"":"""",""nodes"":[],""textData"":{""text"":"" on enterprise and mid-market engagement, leveraging best practices in co-selling and solution alignment.  "",""decorations"":[{""type"":""COLOR"",""colorData"":{""background"":""rgba(0, 0, 0, 0)"",""foreground"":""rgb(49, 46, 52)""}}]}}],""type"":""PARAGRAPH""}]},{""type"":""LIST_ITEM"",""id"":""33ttg2195"",""nodes"":[{""paragraphData"":{""textStyle"":{""textAlignment"":""AUTO""}},""style"":{},""id"":""viewer-ts92b314"",""nodes"":[{""type"":""TEXT"",""id"":"""",""nodes"":[],""textData"":{""text"":""Leverage Microsoft’s new AI platforms"",""decorations"":[{""type"":""BOLD"",""fontWeightValue"":700},{""type"":""COLOR"",""colorData"":{""background"":""transparent"",""foreground"":""rgb(49, 46, 52)""}}]}},{""type"":""TEXT"",""id"":"""",""nodes"":[],""textData"":{""text"":"" – including Copilot, Copilot Studio, and Azure AI Foundry – to develop custom offerings that drive customer productivity and innovation."",""decorations"":[{""type"":""COLOR"",""colorData"":{""background"":""rgba(0, 0, 0, 0)"",""foreground"":""rgb(49, 46, 52)""}}]}}],""type"":""PARAGRAPH""}]}],""bulletedListData"":{""indentation"":0}},{""paragraphData"":{""textStyle"":{""textAlignment"":""AUTO""}},""style"":{},""id"":""viewer-nlwbh317"",""nodes"":[{""type"":""TEXT"",""id"":"""",""nodes"":[],""textData"":{""text"":""Discover “blue ocean” opportunities"",""decorations"":[{""type"":""BOLD"",""fontWeightValue"":700},{""type"":""COLOR"",""colorData"":{""background"":""transparent"",""foreground"":""rgb(49, 46, 52)""}}]}},{""type"":""TEXT"",""id"":"""",""nodes"":[],""textData"":{""text"":"" beyond the intense AI buzz, such as advanced Microsoft 365 E5 solutions and industry-specific services, to differentiate and grow revenue. "",""decorations"":[{""type"":""COLOR"",""colorData"":{""background"":""rgba(0, 0, 0, 0)"",""foreground"":""rgb(49, 46, 52)""}}]}}],""type"":""PARAGRAPH""}],""documentStyle"":{}}",true,"/event-details/fy26-forward-microsoft-partner-success-strategies","[""Microsoft"",""GTM""]","2025-08-26","<p class=""font_8"">Discover Microsoft’s FY26 priorities and AI-driven opportunities!</p>","#312E34",
"Upgrade your Company Operating System","226f123c-4d22-4acd-83b4-c5dc35a92f17",2025-02-26T02:35:31Z,2025-06-13T20:49:43Z,"b805cef0-823c-4610-b623-a9de8636fce2","WEBINAR","wix:image://v1/b805ce_78bd914e30d746e2b9de40d2510078a2~mv2.jpeg/Designer%20(2).jpeg#originWidth=1792&originHeight=1024","{""nodes"":[{""type"":""PARAGRAPH"",""id"":""557iq570"",""nodes"":[{""type"":""TEXT"",""id"":"""",""nodes"":[],""textData"":{""text"":""\""Upgrading Your Company Operating System\"" features Matt Shaffer from Synozur. This insightful session, originally aired on December 5, 2024, delves into the transformative power of implementing a Company Operating System (CoS) and how it can revolutionize your leadership culture in the year ahead."",""decorations"":[]}}],""paragraphData"":{}},{""type"":""PARAGRAPH"",""id"":""5urra572"",""nodes"":[],""paragraphData"":{}},{""type"":""PARAGRAPH"",""id"":""zggds573"",""nodes"":[{""type"":""TEXT"",""id"":"""",""nodes"":[],""textData"":{""text"":""Matt Shaffer, an expert with a diverse background in the United States Air Force and strategic planning, leads the discussion by introducing the concept of a CoS. He explains that a Company Operating System is an essential framework that outlines how a company functions, encompassing foundational building blocks, strategy, plans, goals, and measures across the organization. By providing clarity and focus on business priorities, a CoS ensures that leaders and staff remain aligned and effectively track the progress of their strategic plans."",""decorations"":[]}}],""paragraphData"":{}}],""documentStyle"":{}}",true,"/webinars/upgrade-your-company-operating-system","[""Strategy""]","2024-12-03","<p class=""font_8"">""Upgrading Your Company Operating System"" features Matt Shaffer from Synozur. This insightful session, originally aired on December 5, 2024, delves into the transformative power of implementing a Company Operating System (CoS) and how it can revolutionize your leadership culture in the year ahead.</p>","#312E34",
"Management Makeover at a Luxury Brand","249a24e5-4a3a-4a3f-94d2-bd052401553a",2025-02-26T07:35:03Z,2025-08-02T00:12:24Z,"b805cef0-823c-4610-b623-a9de8636fce2","CASE STUDY","wix:image://v1/b805ce_3367a960d2474a518ab816eacdff0891~mv2.jpg/CLO17_corporateOffice_021%20-cropped.jpg#originWidth=1067&originHeight=760","{""nodes"":[{""type"":""PARAGRAPH"",""id"":""foo"",""nodes"":[{""type"":""TEXT"",""id"":"""",""nodes"":[],""textData"":{""text"":""In a strategic effort to overhaul the management framework of a thriving North American luxury manufacturer, Synozur spearheaded a digital transformation initiative in 2023. The project's primary objective was to implement a robust Company Operating System (CoS) to support the company's rapid growth and scalability. This case study delves into the challenges faced, the solutions introduced by Synozur, and the positive outcomes for leadership effectiveness."",""decorations"":[{""type"":""COLOR"",""colorData"":{""background"":""#FFFFFF"",""foreground"":""rgb(54, 54, 53)""}}]}}],""paragraphData"":{""textStyle"":{""textAlignment"":""AUTO""},""indentation"":0}}],""documentStyle"":{}}",true,"/case-studies/management-makeover-at-a-luxury-brand","[""Strategy""]","2025-05-06","<p class=""font_8"">In a strategic effort to overhaul the management framework of a thriving North American luxury manufacturer, Synozur spearheaded a digital transformation initiative in 2023.</p>","#312E34",
"Synozur AI Maturity Model","2ff287d7-249c-4d7f-b912-613de4440d2f",2025-10-13T00:42:10Z,2025-10-14T17:50:28Z,"b805cef0-823c-4610-b623-a9de8636fce2","INTERACTIVE","wix:image://v1/b805ce_d27ce3342e1a4860a2ac995e783bf1c1~mv2.png/u8445749678_A_photo_realistic_image_of_an_observatory_flipped.png#originWidth=1456&originHeight=816","{""nodes"":[{""type"":""PARAGRAPH"",""id"":""hclgo236"",""nodes"":[{""type"":""TEXT"",""id"":"""",""nodes"":[],""textData"":{""text"":""The "",""decorations"":[]}},{""type"":""TEXT"",""id"":"""",""nodes"":[],""textData"":{""text"":""Synozur AI Maturity Model"",""decorations"":[{""type"":""BOLD"",""fontWeightValue"":700}]}},{""type"":""TEXT"",""id"":"""",""nodes"":[],""textData"":{""text"":"" as a practical way to benchmark your organization’s AI progress and plan next steps."",""decorations"":[]}}],""paragraphData"":{""textStyle"":{""textAlignment"":""AUTO""}}},{""type"":""PARAGRAPH"",""id"":""8gusk244"",""nodes"":[],""paragraphData"":{""textStyle"":{""textAlignment"":""AUTO""}}},{""type"":""PARAGRAPH"",""id"":""g80j4461"",""nodes"":[{""type"":""TEXT"",""id"":"""",""nodes"":[],""textData"":{""text"":""This "",""decorations"":[]}},{""type"":""TEXT"",""id"":"""",""nodes"":[],""textData"":{""text"":""free, no-login tool"",""decorations"":[{""type"":""BOLD"",""fontWeightValue"":700}]}},{""type"":""TEXT"",""id"":"""",""nodes"":[],""textData"":{""text"":"" helps you:"",""decorations"":[]}}],""paragraphData"":{""textStyle"":{""textAlignment"":""AUTO""}}},{""type"":""BULLETED_LIST"",""id"":""tdh41248"",""nodes"":[{""type"":""LIST_ITEM"",""id"":""9xbm2249"",""nodes"":[{""type"":""PARAGRAPH"",""id"":""e6kjw250"",""nodes"":[{""type"":""TEXT"",""id"":"""",""nodes"":[],""textData"":{""text"":""Assess your AI maturity"",""decorations"":[{""type"":""BOLD"",""fontWeightValue"":700}]}},{""type"":""TEXT"",""id"":"""",""nodes"":[],""textData"":{""text"":"" across five stages: Explore, Build, Scale, Transform, Frontier"",""decorations"":[]}}],""paragraphData"":{}}]},{""type"":""LIST_ITEM"",""id"":""oumnm253"",""nodes"":[{""type"":""PARAGRAPH"",""id"":""sujna254"",""nodes"":[{""type"":""TEXT"",""id"":"""",""nodes"":[],""textData"":{""text"":""Get tailored guidance"",""decorations"":[{""type"":""BOLD"",""fontWeightValue"":700}]}},{""type"":""TEXT"",""id"":"""",""nodes"":[],""textData"":{""text"":"" for accelerating your AI journey"",""decorations"":[]}}],""paragraphData"":{}}]},{""type"":""LIST_ITEM"",""id"":""bmnur257"",""nodes"":[{""type"":""PARAGRAPH"",""id"":""scfig258"",""nodes"":[{""type"":""TEXT"",""id"":"""",""nodes"":[],""textData"":{""text"":""Download a PDF report"",""decorations"":[{""type"":""BOLD"",""fontWeightValue"":700}]}},{""type"":""TEXT"",""id"":"""",""nodes"":[],""textData"":{""text"":"" or share results instantly with your team"",""decorations"":[]}}],""paragraphData"":{}}]}],""bulletedListData"":{""indentation"":0}},{""type"":""PARAGRAPH"",""id"":""qilgx261"",""nodes"":[],""paragraphData"":{""textStyle"":{""textAlignment"":""AUTO""}}},{""type"":""PARAGRAPH"",""id"":""x2c7p484"",""nodes"":[{""type"":""TEXT"",""id"":"""",""nodes"":[],""textData"":{""text"":""Start now and move from hype to measurable impact."",""decorations"":[]}}],""paragraphData"":{""textStyle"":{""textAlignment"":""AUTO""}}}],""documentStyle"":{}}",true,"/models/ai-maturity-model","[""AI""]","2025-10-12","<p class=""font_8"">The <strong>Synozur AI Maturity Model</strong> as a practical way to benchmark your organization’s AI progress and plan next steps.</p>","#312E34",
"White Paper - Navigating the AI Stratosphere","3a69f5ab-be61-4ce5-a383-bf2cdbb10a4b",2025-02-26T02:29:21Z,2025-08-21T20:04:51Z,"b805cef0-823c-4610-b623-a9de8636fce2","WHITE PAPER","wix:image://v1/b805ce_c70a4176862e49efa027e2945a7b2973~mv2.png/FlyingOutOfStorm.png#originWidth=1792&originHeight=1024","{""nodes"":[{""type"":""PARAGRAPH"",""id"":""foo"",""nodes"":[{""type"":""TEXT"",""id"":"""",""nodes"":[],""textData"":{""text"":""This Synozur white paper delves into the impact of generative AI (”GenAI”) on the digital workforce, highlighting findings from the 2024 Microsoft Work Trend Index (WTI) and Synozur's own research."",""decorations"":[]}}],""paragraphData"":{""textStyle"":{""textAlignment"":""AUTO""},""indentation"":0}}],""documentStyle"":{}}",true,"/items/navigating-ai-stratosphere","[""AI"",""Technology""]","2024-08-05","<p class=""font_8"">This Synozur white paper delves into the impact of generative AI (” GenAI”) on the digital workforce, highlighting findings from the 2024 Microsoft Work Trend Index (WTI) and Synozur's own research.</p>","#312E34",
"Energy company reinvents employee experience and effectiveness","53bbed40-9473-439a-bd91-6e61cf3446a3",2025-02-27T16:34:25Z,2025-08-02T00:12:12Z,"b805cef0-823c-4610-b623-a9de8636fce2","CASE STUDY","wix:image://v1/b805ce_d48bad9f6faa40e58e764f1ead186a5a~mv2.jpg/Ofc17_Truck_Sonia_001.jpg#originWidth=2000&originHeight=1333","{""nodes"":[{""type"":""PARAGRAPH"",""id"":""foo"",""nodes"":[{""type"":""TEXT"",""id"":"""",""nodes"":[],""textData"":{""text"":""A North American energy company, facing substantial challenges in employee engagement and communication for their 12,000+ employees, engaged Synozur to revamp their approach. Synozur conducted detailed employee journey mapping and developed personalized, relevant tools and information to improve user experience, addressing issues with the outdated intranet and poor engagement tools."",""decorations"":[]}}],""paragraphData"":{""textStyle"":{""textAlignment"":""AUTO""},""indentation"":0}}],""documentStyle"":{}}",true,"/case-studies/energy-company-reinvents-employee-expereince-and-effectiveness","[""EXP"",""Technology""]","2024-11-01","<p class=""font_8"">A North American energy company, facing substantial challenges in employee engagement and communication for their 12,000+ employees, engaged Synozur to revamp their approach.</p>","#312E34",
"Transforming Strategy and Planning with Company Operating Systems","59e17985-c8cf-4d4a-afcb-97434421c421",2026-02-11T01:59:20Z,2026-02-11T02:02:27Z,"b805cef0-823c-4610-b623-a9de8636fce2","WHITEPAPER","wix:image://v1/b805ce_daeba1847b08463bbc13e4eeb1bd5345~mv2.jpeg/AdobeStock_299078039.jpeg#originWidth=4100&originHeight=2733","{""nodes"":[{""type"":""PARAGRAPH"",""id"":""2wbap996"",""nodes"":[{""type"":""TEXT"",""id"":"""",""nodes"":[],""textData"":{""text"":""The 2026 edition of Upgrading Your Company Operating System shows leaders how to move beyond plans and decks to a durable management system. It introduces ambitions as long‑term north stars, reframes annual goals as executable objectives, and clarifies the cascade from strategy to execution. Built on real client work, it offers a practical blueprint for scaling focus, accountability, and results—especially in an AI‑accelerated world."",""decorations"":[]}}],""paragraphData"":{""textStyle"":{""textAlignment"":""AUTO""}}}],""metadata"":{""version"":1,""createdTimestamp"":{""$date"":""2026-02-11T02:01:17.906Z""},""updatedTimestamp"":{""$date"":""2026-02-11T02:01:17.906Z""},""id"":""b43c1ac3-06cc-4965-90a3-4ba9c4ada855""}}",true,"/items/company-operating-system-paper-2026","[""Strategy""]","2026-02-10","<p class=""font_8"">The 2026 edition of <em>Upgrading Your Company Operating System</em> shows leaders how to move beyond plans and decks to a durable management system.&nbsp;</p>","#312E34",
"How to Succeed with Your Copilot Rollout","617fa345-d166-4d06-aaca-e29eecf11a89",2025-02-28T18:10:46Z,2025-06-13T20:49:43Z,"b805cef0-823c-4610-b623-a9de8636fce2","WEBINAR","wix:image://v1/b805ce_3fc9249ae1684366ac05ad7e0e9bdace~mv2.jpeg/AdobeStock_485020360.jpeg#originWidth=6016&originHeight=3868","{""nodes"":[{""type"":""PARAGRAPH"",""id"":""foo"",""nodes"":[{""type"":""TEXT"",""id"":"""",""nodes"":[],""textData"":{""text"":""Generative AI is everywhere – but turning it on for everyone and hoping for the best is "",""decorations"":[{""type"":""COLOR"",""colorData"":{""background"":""#FFFFFF"",""foreground"":""rgb(54, 54, 53)""}}]}},{""type"":""TEXT"",""id"":"""",""nodes"":[],""textData"":{""text"":""never"",""decorations"":[{""type"":""BOLD"",""fontWeightValue"":700},{""type"":""COLOR"",""colorData"":{""background"":""#FFFFFF"",""foreground"":""rgb(54, 54, 53)""}}]}},{""type"":""TEXT"",""id"":"""",""nodes"":[],""textData"":{""text"":"" a plan for success."",""decorations"":[{""type"":""COLOR"",""colorData"":{""background"":""#FFFFFF"",""foreground"":""rgb(54, 54, 53)""}}]}}],""paragraphData"":{""textStyle"":{""textAlignment"":""AUTO""},""indentation"":0}},{""type"":""PARAGRAPH"",""id"":""z8jik1224"",""nodes"":[],""paragraphData"":{""textStyle"":{""textAlignment"":""AUTO""},""indentation"":0}},{""paragraphData"":{""textStyle"":{""textAlignment"":""AUTO""}},""style"":{},""id"":""llzt01203"",""nodes"":[{""type"":""TEXT"",""id"":"""",""nodes"":[],""textData"":{""text"":""Join Chris McNulty, Head of Strategic Markets at Synozur, for an insightful session on the best practices for deploying Copilot in Microsoft 365. This session will cover essential strategies and practical tips to ensure a successful Copilot implementation, from preparation and content readiness to pilot programs and full-scale rollout."",""decorations"":[]}}],""type"":""PARAGRAPH""},{""type"":""PARAGRAPH"",""id"":""v1na43401"",""nodes"":[],""paragraphData"":{}},{""type"":""DIVIDER"",""id"":""smxab3400"",""nodes"":[],""dividerData"":{""containerData"":{""textWrap"":false,""height"":{},""spoiler"":{},""alignment"":""CENTER"",""width"":{}},""lineStyle"":""SINGLE"",""width"":""LARGE"",""alignment"":""CENTER""}},{""type"":""PARAGRAPH"",""id"":""dc3i83402"",""nodes"":[],""paragraphData"":{}},{""style"":{},""id"":""ezwgn3407"",""nodes"":[{""type"":""TEXT"",""id"":"""",""nodes"":[],""textData"":{""text"":""K"",""decorations"":[{""type"":""COLOR"",""colorData"":{""background"":""#FFFFFF"",""foreground"":""#012055""}}]}},{""type"":""TEXT"",""id"":"""",""nodes"":[],""textData"":{""text"":""ey Points Covered"",""decorations"":[{""type"":""COLOR"",""colorData"":{""foreground"":""#012055""}}]}}],""headingData"":{""level"":2,""textStyle"":{""textAlignment"":""AUTO""}},""type"":""HEADING""},{""style"":{},""id"":""sx1v81357"",""nodes"":[{""type"":""TEXT"",""id"":"""",""nodes"":[],""textData"":{""text"":""Current State of AI in 2025"",""decorations"":[{""type"":""COLOR"",""colorData"":{""foreground"":""#012055""}}]}}],""headingData"":{""level"":4,""textStyle"":{""textAlignment"":""LEFT""}},""type"":""HEADING""},{""paragraphData"":{""textStyle"":{""textAlignment"":""LEFT""}},""style"":{},""id"":""dktzo1359"",""nodes"":[{""type"":""TEXT"",""id"":"""",""nodes"":[],""textData"":{""text"":""Chris McNulty highlighted the rapid evolution of AI and its transformative impact on the business landscape. The webinar emphasized the importance of understanding generative AI, which stands as the third wave of digital transformation, following cloud migration and cloud-native innovation."",""decorations"":[{""type"":""COLOR"",""colorData"":{""foreground"":""#012055""}}]}}],""type"":""PARAGRAPH""},{""paragraphData"":{""textStyle"":{""textAlignment"":""LEFT""}},""style"":{},""id"":""l8sy73189"",""nodes"":[],""type"":""PARAGRAPH""},{""style"":{},""id"":""jzwvi1361"",""nodes"":[{""type"":""TEXT"",""id"":"""",""nodes"":[],""textData"":{""text"":""Common Pitfalls in Copilot Deployments"",""decorations"":[{""type"":""COLOR"",""colorData"":{""foreground"":""#012055""}}]}}],""headingData"":{""level"":2,""textStyle"":{""textAlignment"":""LEFT""}},""type"":""HEADING""},{""paragraphData"":{""textStyle"":{""textAlignment"":""LEFT""}},""style"":{},""id"":""awie81363"",""nodes"":[{""type"":""TEXT"",""id"":"""",""nodes"":[],""textData"":{""text"":""Several common mistakes organizations make when deploying Copilot were discussed, such as insufficient training, lack of content readiness, and improper support structures. The webinar stressed the importance of addressing these issues to ensure a smooth rollout."",""decorations"":[{""type"":""COLOR"",""colorData"":{""foreground"":""#012055""}}]}}],""type"":""PARAGRAPH""},{""paragraphData"":{""textStyle"":{""textAlignment"":""LEFT""}},""style"":{},""id"":""s4ao83231"",""nodes"":[],""type"":""PARAGRAPH""},{""style"":{},""id"":""41vgo1365"",""nodes"":[{""type"":""TEXT"",""id"":"""",""nodes"":[],""textData"":{""text"":""Five-Step Plan for Successful Deployment"",""decorations"":[{""type"":""COLOR"",""colorData"":{""foreground"":""#012055""}}]}}],""headingData"":{""level"":2,""textStyle"":{""textAlignment"":""LEFT""}},""type"":""HEADING""},{""type"":""ORDERED_LIST"",""id"":""tfh7m1367"",""nodes"":[{""type"":""LIST_ITEM"",""id"":""7g98m1368"",""nodes"":[{""paragraphData"":{""textStyle"":{""textAlignment"":""AUTO""}},""style"":{},""id"":""ne7e41369"",""nodes"":[{""type"":""TEXT"",""id"":"""",""nodes"":[],""textData"":{""text"":""Preparation: "",""decorations"":[{""type"":""BOLD"",""fontWeightValue"":700},{""type"":""COLOR"",""colorData"":{""foreground"":""#012055""}}]}},{""type"":""TEXT"",""id"":"""",""nodes"":[],""textData"":{""text"":""Assemble the right team, define clear goals, and create a collective vision."",""decorations"":[{""type"":""COLOR"",""colorData"":{""foreground"":""#012055""}}]}}],""type"":""PARAGRAPH""}]},{""type"":""LIST_ITEM"",""id"":""c4tl21372"",""nodes"":[{""paragraphData"":{""textStyle"":{""textAlignment"":""AUTO""}},""style"":{},""id"":""st4uc1373"",""nodes"":[{""type"":""TEXT"",""id"":"""",""nodes"":[],""textData"":{""text"":""Content Readiness:"",""decorations"":[{""type"":""BOLD"",""fontWeightValue"":700},{""type"":""COLOR"",""colorData"":{""foreground"":""#012055""}}]}},{""type"":""TEXT"",""id"":"""",""nodes"":[],""textData"":{""text"":"" Ensure that the content is well-organized, secure, and ready for integration with Copilot."",""decorations"":[{""type"":""COLOR"",""colorData"":{""foreground"":""#012055""}}]}}],""type"":""PARAGRAPH""}]},{""type"":""LIST_ITEM"",""id"":""rpp6y1376"",""nodes"":[{""paragraphData"":{""textStyle"":{""textAlignment"":""AUTO""}},""style"":{},""id"":""di4q51377"",""nodes"":[{""type"":""TEXT"",""id"":"""",""nodes"":[],""textData"":{""text"":""Pilot"",""decorations"":[{""type"":""BOLD"",""fontWeightValue"":700},{""type"":""COLOR"",""colorData"":{""foreground"":""#012055""}}]}},{""type"":""TEXT"",""id"":"""",""nodes"":[],""textData"":{""text"":"": Select the right participants, provide structured training, and capture learnings."",""decorations"":[{""type"":""COLOR"",""colorData"":{""foreground"":""#012055""}}]}}],""type"":""PARAGRAPH""}]},{""type"":""LIST_ITEM"",""id"":""uznrc1380"",""nodes"":[{""paragraphData"":{""textStyle"":{""textAlignment"":""AUTO""}},""style"":{},""id"":""7331y1381"",""nodes"":[{""type"":""TEXT"",""id"":"""",""nodes"":[],""textData"":{""text"":""Rollout"",""decorations"":[{""type"":""BOLD"",""fontWeightValue"":700},{""type"":""COLOR"",""colorData"":{""foreground"":""#012055""}}]}},{""type"":""TEXT"",""id"":"""",""nodes"":[],""textData"":{""text"":"": Drive training across the organization, introduce effective communications, and focus on winning scenarios."",""decorations"":[{""type"":""COLOR"",""colorData"":{""foreground"":""#012055""}}]}}],""type"":""PARAGRAPH""}]},{""type"":""LIST_ITEM"",""id"":""pn4sj1384"",""nodes"":[{""paragraphData"":{""textStyle"":{""textAlignment"":""AUTO""}},""style"":{},""id"":""01kxo1385"",""nodes"":[{""type"":""TEXT"",""id"":"""",""nodes"":[],""textData"":{""text"":""Closeout"",""decorations"":[{""type"":""BOLD"",""fontWeightValue"":700},{""type"":""COLOR"",""colorData"":{""foreground"":""#012055""}}]}},{""type"":""TEXT"",""id"":"""",""nodes"":[],""textData"":{""text"":"": Celebrate successes, hand over to support teams, and establish continuous improvement practices."",""decorations"":[{""type"":""COLOR"",""colorData"":{""foreground"":""#012055""}}]}}],""type"":""PARAGRAPH""}]}],""orderedListData"":{""indentation"":0}},{""type"":""DIVIDER"",""id"":""p6pom3597"",""nodes"":[],""dividerData"":{""containerData"":{""textWrap"":false,""height"":{},""spoiler"":{},""alignment"":""CENTER"",""width"":{}},""lineStyle"":""SINGLE"",""width"":""LARGE"",""alignment"":""CENTER""}},{""type"":""PARAGRAPH"",""id"":""exxha3599"",""nodes"":[],""paragraphData"":{}},{""style"":{},""id"":""rmcgu1388"",""nodes"":[{""type"":""TEXT"",""id"":"""",""nodes"":[],""textData"":{""text"":""Additional Resources"",""decorations"":[{""type"":""COLOR"",""colorData"":{""foreground"":""#012055""}}]}}],""headingData"":{""level"":4,""textStyle"":{""textAlignment"":""LEFT""}},""type"":""HEADING""},{""style"":{},""id"":""hm3vc1390"",""nodes"":[{""type"":""TEXT"",""id"":"""",""nodes"":[],""textData"":{""text"":""Webinar"",""decorations"":[{""type"":""COLOR"",""colorData"":{""foreground"":""#012055""}}]}}],""headingData"":{""level"":4,""textStyle"":{""textAlignment"":""LEFT""}},""type"":""HEADING""},{""type"":""PARAGRAPH"",""id"":""yye181154"",""nodes"":[],""paragraphData"":{}},{""type"":""FILE"",""id"":""qo93a1153"",""nodes"":[],""fileData"":{""src"":{""id"":""ugd/b805ce_f2d8d698093c406caf1ff526141d089c.pdf""},""name"":""Succeed with Your Copilot Deployment 2025 - Showtime.pdf"",""type"":""pdf"",""size"":8568293}},{""paragraphData"":{""textStyle"":{""textAlignment"":""AUTO""}},""style"":{},""id"":""1qwfz1394"",""nodes"":[],""type"":""PARAGRAPH""},{""type"":""BULLETED_LIST"",""id"":""1ywva1392"",""nodes"":[{""type"":""LIST_ITEM"",""id"":""g9p3p1396"",""nodes"":[{""paragraphData"":{""textStyle"":{""textAlignment"":""AUTO""}},""style"":{},""id"":""7qwbg1397"",""nodes"":[{""type"":""TEXT"",""id"":"""",""nodes"":[],""textData"":{""text"":""Videos (too large to embed)"",""decorations"":[{""type"":""COLOR"",""colorData"":{""foreground"":""#012055""}}]}}],""type"":""PARAGRAPH""},{""type"":""BULLETED_LIST"",""id"":""jlag31399"",""nodes"":[{""type"":""LIST_ITEM"",""id"":""onzef1400"",""nodes"":[{""paragraphData"":{""textStyle"":{""textAlignment"":""AUTO""}},""style"":{},""id"":""3rzs11401"",""nodes"":[{""type"":""TEXT"",""id"":"""",""nodes"":[],""textData"":{""text"":""The Copilot System"",""decorations"":[{""type"":""COLOR"",""colorData"":{""foreground"":""#012055""}},{""type"":""LINK"",""linkData"":{""link"":{""url"":""https://youtu.be/E5g20qmeKpg?si=lFMlbQcH4dlTqib-"",""target"":""BLANK""}}},{""type"":""UNDERLINE""}]}}],""type"":""PARAGRAPH""}]},{""type"":""LIST_ITEM"",""id"":""quuyu1403"",""nodes"":[{""paragraphData"":{""textStyle"":{""textAlignment"":""AUTO""}},""style"":{},""id"":""7f6pq1404"",""nodes"":[{""type"":""TEXT"",""id"":"""",""nodes"":[],""textData"":{""text"":""What’s New in Copilot for 2025"",""decorations"":[{""type"":""COLOR"",""colorData"":{""foreground"":""#012055""}},{""type"":""LINK"",""linkData"":{""link"":{""url"":""https://youtu.be/B4mJO6F5kok?si=Ptn6eLhQbptBXwEq"",""target"":""BLANK""}}},{""type"":""UNDERLINE""}]}}],""type"":""PARAGRAPH""}]},{""type"":""LIST_ITEM"",""id"":""0zr7h1406"",""nodes"":[{""paragraphData"":{""textStyle"":{""textAlignment"":""AUTO""}},""style"":{},""id"":""9tk6n1407"",""nodes"":[{""type"":""TEXT"",""id"":"""",""nodes"":[],""textData"":{""text"":""Copilot in Teams Meetings Demo"",""decorations"":[{""type"":""COLOR"",""colorData"":{""foreground"":""#012055""}},{""type"":""LINK"",""linkData"":{""link"":{""url"":""https://youtu.be/N1gpkk-MwpY?si=JB9SYVkREQqMTLMF"",""target"":""BLANK""}}},{""type"":""UNDERLINE""}]}}],""type"":""PARAGRAPH""}]}],""bulletedListData"":{""indentation"":0}}]}],""bulletedListData"":{""indentation"":0}},{""type"":""PARAGRAPH"",""id"":""jgi7c1442"",""nodes"":[],""paragraphData"":{}},{""style"":{},""id"":""89so31409"",""nodes"":[{""type"":""TEXT"",""id"":"""",""nodes"":[],""textData"":{""text"":""Copilot and AI"",""decorations"":[{""type"":""COLOR"",""colorData"":{""foreground"":""#012055""}}]}}],""headingData"":{""level"":4,""textStyle"":{""textAlignment"":""LEFT""}},""type"":""HEADING""},{""type"":""BULLETED_LIST"",""id"":""xa2tq1411"",""nodes"":[{""type"":""LIST_ITEM"",""id"":""drjek1412"",""nodes"":[{""paragraphData"":{""textStyle"":{""textAlignment"":""AUTO""}},""style"":{},""id"":""n8eru1413"",""nodes"":[{""type"":""TEXT"",""id"":"""",""nodes"":[],""textData"":{""text"":""Get a head start on including AI in annual plans with a free "",""decorations"":[{""type"":""COLOR"",""colorData"":{""foreground"":""#012055""}}]}},{""type"":""TEXT"",""id"":"""",""nodes"":[],""textData"":{""text"":""Synozur AI Strategy North Star Workshop"",""decorations"":[{""type"":""COLOR"",""colorData"":{""foreground"":""#012055""}},{""type"":""LINK"",""linkData"":{""link"":{""url"":""https://www.synozur.com/ai-workshop"",""target"":""BLANK""}}},{""type"":""UNDERLINE""}]}},{""type"":""TEXT"",""id"":"""",""nodes"":[],""textData"":{""text"":""."",""decorations"":[{""type"":""COLOR"",""colorData"":{""foreground"":""#012055""}}]}}],""type"":""PARAGRAPH""}]},{""type"":""LIST_ITEM"",""id"":""crcj01421"",""nodes"":[{""paragraphData"":{""textStyle"":{""textAlignment"":""AUTO""}},""style"":{},""id"":""f5mrb1422"",""nodes"":[{""type"":""TEXT"",""id"":"""",""nodes"":[],""textData"":{""text"":""Learn more at "",""decorations"":[{""type"":""COLOR"",""colorData"":{""foreground"":""#012055""}}]}},{""type"":""TEXT"",""id"":"""",""nodes"":[],""textData"":{""text"":""https:/"",""decorations"":[{""type"":""COLOR"",""colorData"":{""foreground"":""#012055""}},{""type"":""LINK"",""linkData"":{""link"":{""url"":""https://aka.synozur.com/AI"",""target"":""SELF""}}},{""type"":""UNDERLINE""}]}},{""type"":""TEXT"",""id"":"""",""nodes"":[],""textData"":{""text"":""/aka.synozur.com/AI"",""decorations"":[{""type"":""COLOR"",""colorData"":{""foreground"":""var(--paragraphLinkColor)""}},{""type"":""LINK"",""linkData"":{""link"":{""url"":""https://aka.synozur.com/AI"",""target"":""SELF""}}},{""type"":""UNDERLINE""}]}}],""type"":""PARAGRAPH""}]},{""type"":""LIST_ITEM"",""id"":""7mpji1815"",""nodes"":[{""paragraphData"":{""textStyle"":{""textAlignment"":""AUTO""}},""style"":{},""id"":""fc0ew1816"",""nodes"":[{""type"":""TEXT"",""id"":"""",""nodes"":[],""textData"":{""text"":""Download the Synozur white paper "",""decorations"":[{""type"":""COLOR"",""colorData"":{""foreground"":""rgb(1, 32, 85)""}}]}},{""type"":""TEXT"",""id"":"""",""nodes"":[],""textData"":{""text"":""Navigating the AI Stratosphere"",""decorations"":[{""type"":""COLOR"",""colorData"":{""foreground"":""rgb(1, 32, 85)""}},{""type"":""LINK"",""linkData"":{""link"":{""url"":""https://www.synozur.com/navigating-the-ai-stratosphere"",""target"":""BLANK""}}},{""type"":""UNDERLINE""}]}}],""type"":""PARAGRAPH""}]}],""bulletedListData"":{""indentation"":0}},{""paragraphData"":{""textStyle"":{""textAlignment"":""AUTO""}},""style"":{},""id"":""z1xd21892"",""nodes"":[],""type"":""PARAGRAPH""}],""documentStyle"":{}}",true,"/webinars/how-to-succeed-with-your-copilot-rollout","[""AI"",""Technology""]","2025-02-05","<p class=""font_8"">Chris McNulty covers essential strategies and practical tips to ensure a successful Copilot implementation, from preparation and content readiness to pilot programs and full-scale rollout.</p>","#312E34",
"AI & Governance Acceleration for Private Equity","6932ae34-dc80-43e0-abac-6b1b63759e51",2026-02-15T21:07:27Z,2026-02-15T21:14:00Z,"b805cef0-823c-4610-b623-a9de8636fce2","CASE STUDY","wix:image://v1/b805ce_a67e17e43687429ebb2e6bffe60af815~mv2.jpeg/AdobeStock_502007078.jpeg#originWidth=6627&originHeight=4418","{""nodes"":[{""type"":""PARAGRAPH"",""id"":""9jhe4946"",""nodes"":[{""type"":""TEXT"",""id"":"""",""nodes"":[],""textData"":{""text"":""A private equity firm partnered with Synozur to rapidly accelerate AI readiness while strengthening governance, security, and executive alignment."",""decorations"":[]}}],""paragraphData"":{}},{""type"":""PARAGRAPH"",""id"":""i08bk951"",""nodes"":[],""paragraphData"":{}},{""type"":""PARAGRAPH"",""id"":""dur34955"",""nodes"":[{""type"":""TEXT"",""id"":"""",""nodes"":[],""textData"":{""text"":""Synozur designed and guided a "",""decorations"":[]}},{""type"":""TEXT"",""id"":"""",""nodes"":[],""textData"":{""text"":""12‑week AI readiness and governance program"",""decorations"":[{""type"":""BOLD"",""fontWeightValue"":700}]}},{""type"":""TEXT"",""id"":"""",""nodes"":[],""textData"":{""text"":"", working alongside executive leadership."",""decorations"":[]}}],""paragraphData"":{}},{""type"":""PARAGRAPH"",""id"":""vkc8r981"",""nodes"":[],""paragraphData"":{}},{""type"":""PARAGRAPH"",""id"":""fdcdk959"",""nodes"":[{""type"":""TEXT"",""id"":"""",""nodes"":[],""textData"":{""text"":""Our work included:"",""decorations"":[]}}],""paragraphData"":{}},{""type"":""BULLETED_LIST"",""id"":""5948g961"",""nodes"":[{""type"":""LIST_ITEM"",""id"":""tkmr5962"",""nodes"":[{""type"":""PARAGRAPH"",""id"":""60wkk963"",""nodes"":[{""type"":""TEXT"",""id"":"""",""nodes"":[],""textData"":{""text"":""Establishing an executive AI steering committee for M365 Copilot and ChatGPT Enterprise"",""decorations"":[]}}],""paragraphData"":{}}]},{""type"":""LIST_ITEM"",""id"":""2zqj4965"",""nodes"":[{""type"":""PARAGRAPH"",""id"":""2pczx966"",""nodes"":[{""type"":""TEXT"",""id"":"""",""nodes"":[],""textData"":{""text"":""AI and Microsoft 365 maturity assessments"",""decorations"":[]}}],""paragraphData"":{}}]},{""type"":""LIST_ITEM"",""id"":""t4yw0968"",""nodes"":[{""type"":""PARAGRAPH"",""id"":""n3d09969"",""nodes"":[{""type"":""TEXT"",""id"":"""",""nodes"":[],""textData"":{""text"":""Development of a go-forward content governance, security and compliance program with Microsoft Purview"",""decorations"":[]}}],""paragraphData"":{}}]},{""type"":""LIST_ITEM"",""id"":""uqrxw971"",""nodes"":[{""type"":""PARAGRAPH"",""id"":""8a4zn972"",""nodes"":[{""type"":""TEXT"",""id"":"""",""nodes"":[],""textData"":{""text"":""Prioritized AI use‑case identification"",""decorations"":[]}}],""paragraphData"":{}}]},{""type"":""LIST_ITEM"",""id"":""3utof974"",""nodes"":[{""type"":""PARAGRAPH"",""id"":""z2nox975"",""nodes"":[{""type"":""TEXT"",""id"":"""",""nodes"":[],""textData"":{""text"":""Sprint‑based roadmap with checkpoints and metrics"",""decorations"":[]}}],""paragraphData"":{}}]}],""bulletedListData"":{""indentation"":0}}],""documentStyle"":{}}",true,"/case-studies/ai-&-governance-acceleration-for-private-equity","[""AI"",""Microsoft"",""Technology""]","2026-02-15","<p class=""font_8"">A private equity firm partnered with Synozur to rapidly accelerate AI readiness while strengthening governance, security, and executive alignment.</p>","#312E34",
"Mastering Your AI Rollout","6cee20d5-257e-4e8c-86eb-e560a2350ece",2025-06-13T20:46:50Z,2025-06-13T21:10:55Z,"b805cef0-823c-4610-b623-a9de8636fce2","WEBINAR","wix:image://v1/b805ce_2888a4cd0bd7420b84105075ba09d592~mv2.jpg/Mastering%20Your%20AI%20Rollout%20Bumper.jpg#originWidth=1280&originHeight=720","{""nodes"":[{""type"":""PARAGRAPH"",""id"":""ykfar121"",""nodes"":[{""type"":""TEXT"",""id"":"""",""nodes"":[],""textData"":{""text"":""In the \""Mastering Your AI Rollout\"" webinar, Michelle Caldwell, CEO of Synozur, shared her expertise in deploying Microsoft 365 Copilot, drawing from her extensive experience with enterprise clients. The session highlighted best practices such as content readiness, team selection, pilot program structuring, and scaling learnings into production. Caldwell emphasized leveraging existing Microsoft tools like SharePoint Premium, Purview, and Microsoft Viva to ensure robust governance, security, and adoption. Participants gained actionable insights to enhance their Copilot implementation strategies, whether they are starting their AI journey or refining existing deployments."",""decorations"":[]}}],""paragraphData"":{""textStyle"":{""textAlignment"":""AUTO""}}}],""documentStyle"":{}}",true,"/webinars/mastering-your-ai-rollout","[""AI"",""Technology""]","2025-06-12","<p class=""font_8"">Our June 2025 webinar, led by Michelle Caldwell, explored strategic approaches to deploying Microsoft 365 Copilot, focusing on readiness, pilot programs, scaling, and leveraging Microsoft tools for AI success.</p>","#312E34",
"AI Transformation for Financial Services","990d78ba-4012-493d-94ff-51f12daf050a",2025-08-27T19:24:37Z,2025-08-27T19:26:57Z,"b805cef0-823c-4610-b623-a9de8636fce2","CASE STUDY","wix:image://v1/b805ce_216de3dbbef94823a2eecb2d3a72bf2b~mv2.jpg/AdobeStock_151524961Small.jpg#originWidth=2172&originHeight=1313","{""nodes"":[{""type"":""PARAGRAPH"",""id"":""acp5m232"",""nodes"":[{""type"":""TEXT"",""id"":"""",""nodes"":[],""textData"":{""text"":""A financial‑services portfolio company of a leading private equity firm engaged Synozur to shift from scattered AI experiments to governed, measurable outcomes at enterprise scale. Building on patterns we’ve proven in similar programs, we turned real documents and workflows into a prioritized use‑case backlog, stood up a practical governance model, and upskilled leaders and makers through a multi‑tool curriculum."",""decorations"":[]}}],""paragraphData"":{}}],""documentStyle"":{}}",true,"/case-studies/ai-transformation-at-a-private-equity-portfolio-company","[""AI"",""Technology""]","2025-08-27","<p class=""font_8"">A financial‑services portfolio company of a leading private equity firm engaged Synozur to shift from scattered AI experiments to governed, measurable outcomes at enterprise scale.</p>","#312E34",
"Navigating the AI Landscape - Customer Perspectives ","9e734721-c64c-492e-b57c-4a7591dc4d1b",2025-02-26T02:32:34Z,2025-06-13T20:49:43Z,"b805cef0-823c-4610-b623-a9de8636fce2","WEBINAR","wix:image://v1/b805ce_644ee34c7ff74e27819813e42af75233~mv2.jpg/AI%20Confusion.jpg#originWidth=1024&originHeight=1024","{""nodes"":[{""type"":""PARAGRAPH"",""id"":""foo"",""nodes"":[{""type"":""TEXT"",""id"":"""",""nodes"":[],""textData"":{""text"":""Learn more about how companies are navigating the real world of generative AI with "",""decorations"":[{""type"":""COLOR"",""colorData"":{""background"":""#FFFFFF"",""foreground"":""rgb(54, 54, 53)""}}]}},{""type"":""TEXT"",""id"":"""",""nodes"":[],""textData"":{""text"":""Jill Hannemann"",""decorations"":[{""type"":""BOLD"",""fontWeightValue"":700},{""type"":""COLOR"",""colorData"":{""background"":""#FFFFFF"",""foreground"":""var(--paragraphLinkColor)""}},{""type"":""LINK"",""linkData"":{""link"":{""url"":""https://www.linkedin.com/in/jillhannemann/"",""target"":""BLANK""}}},{""type"":""UNDERLINE""}]}},{""type"":""TEXT"",""id"":"""",""nodes"":[],""textData"":{""text"":"", Manager and Platform Owner at "",""decorations"":[{""type"":""COLOR"",""colorData"":{""background"":""#FFFFFF"",""foreground"":""rgb(54, 54, 53)""}}]}},{""type"":""TEXT"",""id"":"""",""nodes"":[],""textData"":{""text"":""The Capital Group"",""decorations"":[{""type"":""BOLD"",""fontWeightValue"":700},{""type"":""COLOR"",""colorData"":{""background"":""#FFFFFF"",""foreground"":""var(--paragraphLinkColor)""}},{""type"":""LINK"",""linkData"":{""link"":{""url"":""https://www.capitalgroup.com/"",""target"":""BLANK""}}},{""type"":""UNDERLINE""}]}},{""type"":""TEXT"",""id"":"""",""nodes"":[],""textData"":{""text"":""."",""decorations"":[{""type"":""BOLD"",""fontWeightValue"":700},{""type"":""COLOR"",""colorData"":{""background"":""#FFFFFF"",""foreground"":""rgb(54, 54, 53)""}}]}}],""paragraphData"":{""textStyle"":{""textAlignment"":""AUTO""},""indentation"":0}}],""documentStyle"":{}}",true,"/webinars/customer-insights-on-the-microsoft-wti---navigating-the-ai-landscape","[""AI"",""Technology""]","2024-10-16","<p class=""font_8"">Learn more about how companies are navigating the real world of generative AI with <a href=""https://www.linkedin.com/in/jillhannemann/"" rel=""noopener"" target=""_blank""><u><strong>Jill Hannemann</strong></u></a>, Manager and Platform Owner at <a href=""https://www.capitalgroup.com/"" rel=""noopener"" target=""_blank""><u><strong>The Capital Group</strong></u></a><strong>.</strong></p>","#312E34",
"2026 AI Report","a8891211-23b0-4383-b16f-5b025e9c2eeb",2026-02-27T00:20:06Z,2026-02-27T00:22:08Z,"b805cef0-823c-4610-b623-a9de8636fce2","WHITE PAPER","wix:image://v1/b805ce_597f693b52f940b388ea2e3af675c3ed~mv2.jpeg/AdobeStock_307252854.jpeg#originWidth=5110&originHeight=2555","{""nodes"":[{""type"":""PARAGRAPH"",""id"":""i76or912"",""nodes"":[{""type"":""TEXT"",""id"":"""",""nodes"":[],""textData"":{""text"":""Our report covers three areas:"",""decorations"":[]}}],""paragraphData"":{""textStyle"":{""textAlignment"":""AUTO""}}},{""type"":""BULLETED_LIST"",""id"":""s5odb921"",""nodes"":[{""type"":""LIST_ITEM"",""id"":""085f0922"",""nodes"":[{""paragraphData"":{""textStyle"":{""textAlignment"":""AUTO""}},""style"":{},""id"":""d18ir914"",""nodes"":[{""type"":""TEXT"",""id"":"""",""nodes"":[],""textData"":{""text"":""The evergreen growth of the $453 Billion global AI market."",""decorations"":[]}}],""type"":""PARAGRAPH""}]},{""type"":""LIST_ITEM"",""id"":""usilf924"",""nodes"":[{""paragraphData"":{""textStyle"":{""textAlignment"":""AUTO""}},""style"":{},""id"":""k5zn1916"",""nodes"":[{""type"":""TEXT"",""id"":"""",""nodes"":[],""textData"":{""text"":""Clear trends emerging that separate leaders from stragglers in AI maturity and turning investments into business results."",""decorations"":[]}}],""type"":""PARAGRAPH""}]},{""type"":""LIST_ITEM"",""id"":""vszdc926"",""nodes"":[{""paragraphData"":{""textStyle"":{""textAlignment"":""AUTO""}},""style"":{},""id"":""vxww1918"",""nodes"":[{""type"":""TEXT"",""id"":"""",""nodes"":[],""textData"":{""text"":""Predictions for new LLMs, new business-facing multiagent systems; and effective AI standards and certifications coming from professional associations, not government."",""decorations"":[]}}],""type"":""PARAGRAPH""}]}],""bulletedListData"":{""indentation"":0}}],""documentStyle"":{}}",true,"/items/2026-AI-Report","[""AI""]","2026-02-26","<p class=""font_8"">The <strong>Synozur 2026 AI Report</strong> cuts through hype to give leaders a clear, grounded view of where AI stands today, how fast it’s growing, and why many organizations are struggling to turn investment into results.</p>","#312E34",
"Go‑to‑Market Transformation for a Microsoft‑Aligned Software Company","aa493931-a1a5-4c39-a945-cda4c0f22fbd",2026-02-15T21:04:53Z,2026-02-15T21:07:23Z,"b805cef0-823c-4610-b623-a9de8636fce2","CASE STUDY","wix:image://v1/b805ce_03ce5f0a768b4717b69e003ba4760efa~mv2.jpeg/AdobeStock_249826261.jpeg#originWidth=6240&originHeight=4160","{""nodes"":[{""type"":""PARAGRAPH"",""id"":""nnzzt707"",""nodes"":[{""type"":""TEXT"",""id"":"""",""nodes"":[],""textData"":{""text"":""A Microsoft‑aligned software company partnered with Synozur to clarify its go‑to‑market strategy, sharpen messaging, align to Microsoft, and strengthen partner engagement."",""decorations"":[]}}],""paragraphData"":{}}],""documentStyle"":{}}",true,"/case-studies/go‑to‑market-transformation-for-a-microsoft‑aligned-software-company","[""GTM"",""Microsoft""]","2026-02-15","<p class=""font_8"">A Microsoft‑aligned software company partnered with Synozur to clarify its go‑to‑market strategy, sharpen messaging, align to Microsoft, and strengthen partner engagement.</p>","#312E34",
"Business Strategy Masterclass","afa9927a-aaac-47db-9eae-3ec667762fd1",2025-06-18T00:02:56Z,2025-06-18T00:06:44Z,"b805cef0-823c-4610-b623-a9de8636fce2","WEBINAR","wix:image://v1/b805ce_2a11791bbbd644fdbb7885a16d2aad67~mv2.jpg/June%202025%20Masterclass%20-%20Upgrade%20Your%20Company%20Operating%20System%20-%20Bumper.jpg#originWidth=1280&originHeight=720","{""nodes"":[{""type"":""PARAGRAPH"",""id"":""k0gc1180"",""nodes"":[{""type"":""TEXT"",""id"":"""",""nodes"":[],""textData"":{""text"":""By embracing a Company Operating System, you’re investing in the long-term "",""decorations"":[{""type"":""COLOR"",""colorData"":{""foreground"":""#312E34""}}]}},{""type"":""TEXT"",""id"":"""",""nodes"":[],""textData"":{""text"":""health and agility of your organization"",""decorations"":[{""type"":""BOLD"",""fontWeightValue"":700},{""type"":""COLOR"",""colorData"":{""foreground"":""#312E34""}}]}},{""type"":""TEXT"",""id"":"""",""nodes"":[],""textData"":{""text"":"". As we learned in the masterclass, a bit of structure and intentional focus can unlock tremendous value — turning strategy from a buzzword into a daily practice that drives growth. We hope you found this recap helpful and inspiring. "",""decorations"":[{""type"":""COLOR"",""colorData"":{""foreground"":""#312E34""}}]}},{""type"":""TEXT"",""id"":"""",""nodes"":[],""textData"":{""text"":""Watch the webinar, review these takeaways with your team, and let’s get started on upgrading your Company OS!"",""decorations"":[{""type"":""BOLD"",""fontWeightValue"":700},{""type"":""COLOR"",""colorData"":{""foreground"":""#312E34""}}]}},{""type"":""TEXT"",""id"":"""",""nodes"":[],""textData"":{""text"":"" Here’s to making strategy execution a strength, not a struggle, in your company."",""decorations"":[{""type"":""COLOR"",""colorData"":{""foreground"":""#312E34""}}]}},{""type"":""TEXT"",""id"":"""",""nodes"":[],""textData"":{""text"":""\n"",""decorations"":[]}}],""paragraphData"":{}},{""type"":""PARAGRAPH"",""id"":""cans8186"",""nodes"":[{""type"":""TEXT"",""id"":"""",""nodes"":[],""textData"":{""text"":""Watch the Business Strategy Masterclass recording and visit our "",""decorations"":[{""type"":""COLOR"",""colorData"":{""foreground"":""#312E34""}},{""type"":""ITALIC"",""italicData"":true}]}},{""type"":""TEXT"",""id"":"""",""nodes"":[],""textData"":{""text"":""Company OS solution page"",""decorations"":[{""type"":""COLOR"",""colorData"":{""foreground"":""#116DFF""}},{""type"":""ITALIC"",""italicData"":true},{""type"":""LINK"",""linkData"":{""link"":{""url"":""https://www.synozur.com/solutions/company-os"",""target"":""BLANK""}}},{""type"":""UNDERLINE""}]}},{""type"":""TEXT"",""id"":"""",""nodes"":[],""textData"":{""text"":"" for more information. If you have any questions or want to explore this further, "",""decorations"":[{""type"":""COLOR"",""colorData"":{""foreground"":""#312E34""}},{""type"":""ITALIC"",""italicData"":true}]}},{""type"":""TEXT"",""id"":"""",""nodes"":[],""textData"":{""text"":""contact Synozur"",""decorations"":[{""type"":""BOLD"",""fontWeightValue"":700},{""type"":""COLOR"",""colorData"":{""foreground"":""#312E34""}},{""type"":""ITALIC"",""italicData"":true}]}},{""type"":""TEXT"",""id"":"""",""nodes"":[],""textData"":{""text"":"" – we’re excited to guide you on your transformation journey."",""decorations"":[{""type"":""COLOR"",""colorData"":{""foreground"":""#312E34""}},{""type"":""ITALIC"",""italicData"":true}]}}],""paragraphData"":{}}],""documentStyle"":{}}",true,"/webinars/business-strategy-masterclass","[""Strategy""]","2025-06-17","<p class=""font_8"">In our recent Business Strategy Masterclass webinar, Synozur expert Matt Shaffer explored why so many companies struggle to execute strategy effectively—and how a structured Company Operating System (COS) can bridge the gap between ambitious plans and tangible results.&nbsp;</p>","#312E34",
"Copilot AI Training","b3f3495b-38e0-4c37-a270-0214b95eec67",2025-07-07T20:57:10Z,2025-08-02T00:14:28Z,"b805cef0-823c-4610-b623-a9de8636fce2","TRAINING","wix:image://v1/b805ce_db7cea4b0c3b45718368e0f900ef8814~mv2.jpeg/MSFT3.jpeg#originWidth=8640&originHeight=5760","{""nodes"":[{""type"":""PARAGRAPH"",""id"":""wa20w138"",""nodes"":[{""type"":""TEXT"",""id"":"""",""nodes"":[],""textData"":{""text"":""To help you capitalize on AI, we’ve compiled this list of "",""decorations"":[]}},{""type"":""TEXT"",""id"":"""",""nodes"":[],""textData"":{""text"":""complimentary Microsoft Copilot training resources"",""decorations"":[{""type"":""BOLD"",""fontWeightValue"":700}]}},{""type"":""TEXT"",""id"":"""",""nodes"":[],""textData"":{""text"":"". Whether you want to get the basics or dive into advanced capabilities, these courses (mostly on Microsoft Learn) have you covered."",""decorations"":[]}}],""paragraphData"":{}}],""documentStyle"":{}}",true,"/ai-training","[""AI"",""Technology""]","2025-07-07","<p class=""font_8"">To help you capitalize on AI, we’ve compiled this list of &nbsp;<strong>complimentary Microsoft Copilot training resources</strong>. Whether you want to get the basics or dive into advanced capabilities, these courses (mostly on Microsoft Learn) have you covered.</p>","#312E34","[""b2e4cbea-50cf-4c63-b641-01b9c6212af5""]"
"Transforming Strategy and Planning with Company Operating Systems","b6905d32-b1a6-4a96-9490-633d880391e1",2025-02-26T02:34:09Z,2025-06-13T20:49:43Z,"b805cef0-823c-4610-b623-a9de8636fce2","WHITE PAPER","wix:image://v1/b805ce_c4b1a389048a480cb2cff21d9c2a80aa~mv2.png/CoS%20Midjourney.png#originWidth=1232&originHeight=928","{""nodes"":[{""type"":""PARAGRAPH"",""id"":""foo"",""nodes"":[{""type"":""TEXT"",""id"":"""",""nodes"":[],""textData"":{""text"":""With businesses striving to stay competitive in an increasingly complex market, a structured approach to management has never been more essential. A Company Operating System (CoS) provides a framework for aligning business priorities, enhancing decision-making, and driving sustainable growth. Synozur’s white paper delves into the core components of a CoS, explores its benefits, and presents real-world case studies, including successful implementations at companies like Microsoft and a luxury skincare brand."",""decorations"":[]}}],""paragraphData"":{""textStyle"":{""textAlignment"":""AUTO""},""indentation"":0}}],""documentStyle"":{}}",true,"/items/company-operating-system-paper","[""Strategy""]","2025-01-23","<p class=""font_8"">A Company Operating System (CoS) provides a framework for aligning business priorities, enhancing decision-making, and driving sustainable growth. Synozur’s white paper delves into the core components of a CoS, explores its benefits, and presents real-world case studies, including successful implementations at companies like Microsoft and a luxury skincare brand.</p>","#312E34",
"Accelerating Go-To-Market for a leading AI ISV","c3bcb6d3-97d3-43b7-81aa-8541119a60a3",2025-03-04T03:16:24Z,2025-06-13T20:49:43Z,"b805cef0-823c-4610-b623-a9de8636fce2","CASE STUDY","wix:image://v1/b805ce_03dd23de63224d67a613ec1398ab3143~mv2.jpeg/AdobeStock_456986840.jpeg#originWidth=6720&originHeight=4480","{""nodes"":[{""type"":""PARAGRAPH"",""id"":""foo"",""nodes"":[{""type"":""TEXT"",""id"":"""",""nodes"":[],""textData"":{""text"":""Our client, a leading independent software vendor (ISV), developed an app for generative AI systems like Microsoft Copilot to integrate disconnected content. Synozur was engaged for fractional product and marketing leadership to drive mew messaging, new app designs, and strategic go-to-market plans , recruiting sales leaders and mentoring staff to drive a successful product launch."",""decorations"":[]}}],""paragraphData"":{""textStyle"":{""textAlignment"":""AUTO""},""indentation"":0}}],""documentStyle"":{}}",true,"/case-studies/accelerating-go-to-market-for-a-leading-ai-isv","[""Marketing"",""FCXO"",""GTM""]","2025-03-03","<p class=""font_8"">Synozur helped a leading independent software vendor (ISV) develop marketing and launch strategies for their AI integration app.</p>","#312E34",
"Strategy Unplugged with Dr. John Hillen","c4f1da90-24d1-4e59-aecf-b5dae96e8964",2025-06-13T20:57:05Z,2025-06-16T01:59:46Z,"b805cef0-823c-4610-b623-a9de8636fce2","PODCAST","wix:image://v1/b805ce_87ecdc33603141c289b70d119d4fdfb2~mv2.jpg/Slide3.JPG#originWidth=1280&originHeight=720","{""nodes"":[{""type"":""PARAGRAPH"",""id"":""foo"",""nodes"":[{""type"":""TEXT"",""id"":"""",""nodes"":[],""textData"":{""text"":""In this episode of Polaris, Chris McNulty engages with Dr. John Hillen, author of 'The Strategy Dialogues', to explore the complexities of business strategy. They discuss the common misunderstandings surrounding strategy, the importance of dialogue in strategy development, and how to bring strategic thinking into everyday business practices. Dr. Hillen emphasizes the need for clear definitions of strategy, the distinction between strategic planning and thinking, and the critical questions organizations should ask to define their strategic direction. The conversation also touches on the significance of values, the role of networking in strategic relationships, and innovative approaches like blue ocean strategy. Finally, they address the pitfalls of annual strategy cycles and the importance of measuring strategic success."",""decorations"":[{""type"":""COLOR"",""colorData"":{""background"":""rgb(255, 255, 255)"",""foreground"":""rgb(49, 46, 52)""}}]}}],""paragraphData"":{""textStyle"":{""textAlignment"":""AUTO""},""indentation"":0}}],""documentStyle"":{}}",true,"/post/polaris-strategy-unplugged-with-dr-john-hillen","[""Strategy""]","2025-04-21","<p class=""font_8"">In this episode of Polaris, Chris McNulty engages with Dr. John Hillen, author of 'The Strategy Dialogues', to explore the complexities of business strategy.</p>","#312E34",
"Vega - The AI-Powered Company OS Platform","d2169e5e-bac6-47e3-b2b3-91cf1b4466a8",2026-01-04T19:08:22Z,2026-01-04T19:57:27Z,"b805cef0-823c-4610-b623-a9de8636fce2","APPLICATION","wix:image://v1/b805ce_df542db94e954023b34d96d60328befc~mv2.jpg/VegaSS3.jpg#originWidth=1029&originHeight=674","{""nodes"":[{""type"":""PARAGRAPH"",""id"":""foo"",""nodes"":[{""type"":""TEXT"",""id"":"""",""nodes"":[],""textData"":{""text"":""Vega is Synozur’s AI-augmented Company Operating System platform designed to bridge the gap between strategy and daily execution. It unifies long-term "",""decorations"":[{""type"":""COLOR"",""colorData"":{""foreground"":""rgb(49, 46, 52)""}}]}},{""type"":""TEXT"",""id"":"""",""nodes"":[],""textData"":{""text"":""goals"",""decorations"":[{""type"":""BOLD"",""fontWeightValue"":700},{""type"":""COLOR"",""colorData"":{""foreground"":""rgb(49, 46, 52)""}}]}},{""type"":""TEXT"",""id"":"""",""nodes"":[],""textData"":{""text"":"", weekly "",""decorations"":[{""type"":""COLOR"",""colorData"":{""foreground"":""rgb(49, 46, 52)""}}]}},{""type"":""TEXT"",""id"":"""",""nodes"":[],""textData"":{""text"":""priorities"",""decorations"":[{""type"":""BOLD"",""fontWeightValue"":700},{""type"":""COLOR"",""colorData"":{""foreground"":""rgb(49, 46, 52)""}}]}},{""type"":""TEXT"",""id"":"""",""nodes"":[],""textData"":{""text"":"", and real-time "",""decorations"":[{""type"":""COLOR"",""colorData"":{""foreground"":""rgb(49, 46, 52)""}}]}},{""type"":""TEXT"",""id"":"""",""nodes"":[],""textData"":{""text"":""insights "",""decorations"":[{""type"":""BOLD"",""fontWeightValue"":700},{""type"":""COLOR"",""colorData"":{""foreground"":""rgb(49, 46, 52)""}}]}},{""type"":""TEXT"",""id"":"""",""nodes"":[],""textData"":{""text"":""into a single platform, enabling leadership teams to turn vision into measurable progress with clarity and accountability. Built on a modern, secure technology foundation, Vega delivers an operational rhythm through modules for "",""decorations"":[{""type"":""COLOR"",""colorData"":{""foreground"":""rgb(49, 46, 52)""}}]}},{""type"":""TEXT"",""id"":"""",""nodes"":[],""textData"":{""text"":""strategy, planning, governance, and analytics"",""decorations"":[{""type"":""BOLD"",""fontWeightValue"":700},{""type"":""COLOR"",""colorData"":{""foreground"":""rgb(49, 46, 52)""}}]}},{""type"":""TEXT"",""id"":"""",""nodes"":[],""textData"":{""text"":""—empowering organizations to move beyond ad-hoc processes and create a culture of action, alignment, and continuous improvement."",""decorations"":[{""type"":""COLOR"",""colorData"":{""foreground"":""rgb(49, 46, 52)""}}]}}],""paragraphData"":{""textStyle"":{""textAlignment"":""AUTO""},""indentation"":0}}],""documentStyle"":{}}",true,"/applications/vega","[""Strategy""]","2026-01-01","<p class=""font_8"">Vega is Synozur’s AI-augmented Company OS™ platform designed to bridge the gap between strategy and daily execution.&nbsp;</p>","#312E34",
"AI and Knowledge Transformation at a Strategic Communications Firm","d87ecaf1-7033-4cc4-bb19-096743cc66a7",2026-02-15T21:01:01Z,2026-02-15T21:03:09Z,"b805cef0-823c-4610-b623-a9de8636fce2","CASE STUDY","wix:image://v1/b805ce_f65fdc00c3454ea18cd14419a17d0de7~mv2.jpeg/AdobeStock_525215214.jpeg#originWidth=7928&originHeight=4899","{""nodes"":[{""type"":""PARAGRAPH"",""id"":""rhx6x284"",""nodes"":[{""type"":""TEXT"",""id"":"""",""nodes"":[],""textData"":{""text"":""A fast‑growing strategic communications firm partnered with Synozur to "",""decorations"":[]}},{""type"":""TEXT"",""id"":"""",""nodes"":[],""textData"":{""text"":""define an AI strategy and modernize knowledge workflows"",""decorations"":[{""type"":""BOLD"",""fontWeightValue"":700}]}},{""type"":""TEXT"",""id"":"""",""nodes"":[],""textData"":{""text"":""—without disrupting creative teams or compromising trust with clients. The goal was not AI for AI’s sake, but a people‑first approach that made work easier, faster, and more consistent."",""decorations"":[]}}],""paragraphData"":{}}],""documentStyle"":{}}",true,"/case-studies/ai-and-knowledge-transformation-at-a-strategic-communications-firm","[""AI"",""Microsoft"",""Technology""]","2026-02-15","<p class=""font_8"">A fast‑growing strategic communications firm partnered with Synozur to <strong>define an AI strategy and modernize knowledge workflows</strong>—without disrupting creative teams or compromising trust with clients.&nbsp;</p>","#312E34",
"Strategy, Now with AI","d8c7509b-dcff-4980-96ff-a1746f4caf53",2025-12-18T19:40:17Z,2025-12-18T19:43:08Z,"b805cef0-823c-4610-b623-a9de8636fce2","WEBINAR","wix:image://v1/b805ce_250554f5c3d64c85930f0bd44af7fbf0~mv2.jpg/A%20business%20being%20powered%20by%20the%20Company%20OS%20-%20use%20b.jpg#originWidth=1536&originHeight=1024","{""nodes"":[{""paragraphData"":{""textStyle"":{""textAlignment"":""AUTO""}},""style"":{},""id"":""viewer-ad4qd273"",""nodes"":[{""type"":""TEXT"",""id"":"""",""nodes"":[],""textData"":{""text"":""Most organizations have a strategy. Few have a system to deliver it. Join Synozur for a live, interactive webinar to explore how mid-market leaders are transforming their businesses with a Company Operating System™ (Company OS) — a structured, intentional framework that turns strategic vision into daily execution."",""decorations"":[{""type"":""COLOR"",""colorData"":{""background"":""rgba(0, 0, 0, 0)"",""foreground"":""rgb(49, 46, 52)""}}]}}],""type"":""PARAGRAPH""},{""paragraphData"":{""textStyle"":{""textAlignment"":""AUTO""}},""style"":{},""id"":""nap9i2214"",""nodes"":[],""type"":""PARAGRAPH""},{""style"":{},""id"":""viewer-m2gc9275"",""nodes"":[{""type"":""TEXT"",""id"":"""",""nodes"":[],""textData"":{""text"":""What You’ll Learn"",""decorations"":[{""type"":""COLOR"",""colorData"":{""background"":""rgba(0, 0, 0, 0)"",""foreground"":""rgb(49, 46, 52)""}}]}}],""headingData"":{""level"":3,""textStyle"":{""textAlignment"":""AUTO""}},""type"":""HEADING""},{""type"":""BULLETED_LIST"",""id"":""xe1252216"",""nodes"":[{""type"":""LIST_ITEM"",""id"":""rnbth2217"",""nodes"":[{""paragraphData"":{""textStyle"":{""textAlignment"":""AUTO""}},""style"":{},""id"":""viewer-7ap92277"",""nodes"":[{""type"":""TEXT"",""id"":"""",""nodes"":[],""textData"":{""text"":""Why most "",""decorations"":[{""type"":""COLOR"",""colorData"":{""background"":""rgba(0, 0, 0, 0)"",""foreground"":""rgb(49, 46, 52)""}}]}},{""type"":""TEXT"",""id"":"""",""nodes"":[],""textData"":{""text"":""strategies fail"",""decorations"":[{""type"":""BOLD"",""fontWeightValue"":700},{""type"":""COLOR"",""colorData"":{""background"":""transparent"",""foreground"":""rgb(49, 46, 52)""}}]}},{""type"":""TEXT"",""id"":"""",""nodes"":[],""textData"":{""text"":"" — and how to fix it."",""decorations"":[{""type"":""COLOR"",""colorData"":{""background"":""rgba(0, 0, 0, 0)"",""foreground"":""rgb(49, 46, 52)""}}]}}],""type"":""PARAGRAPH""}]},{""type"":""LIST_ITEM"",""id"":""wdcsy2221"",""nodes"":[{""paragraphData"":{""textStyle"":{""textAlignment"":""AUTO""}},""style"":{},""id"":""viewer-m7zbg281"",""nodes"":[{""type"":""TEXT"",""id"":"""",""nodes"":[],""textData"":{""text"":""How to build and operationalize "",""decorations"":[{""type"":""COLOR"",""colorData"":{""background"":""rgba(0, 0, 0, 0)"",""foreground"":""rgb(49, 46, 52)""}}]}},{""type"":""TEXT"",""id"":"""",""nodes"":[],""textData"":{""text"":""a Company OS"",""decorations"":[{""type"":""BOLD"",""fontWeightValue"":700},{""type"":""COLOR"",""colorData"":{""background"":""transparent"",""foreground"":""rgb(49, 46, 52)""}}]}},{""type"":""TEXT"",""id"":"""",""nodes"":[],""textData"":{""text"":""."",""decorations"":[{""type"":""COLOR"",""colorData"":{""background"":""rgba(0, 0, 0, 0)"",""foreground"":""rgb(49, 46, 52)""}}]}}],""type"":""PARAGRAPH""}]},{""type"":""LIST_ITEM"",""id"":""rqyh22225"",""nodes"":[{""paragraphData"":{""textStyle"":{""textAlignment"":""AUTO""}},""style"":{},""id"":""viewer-pcqw6285"",""nodes"":[{""type"":""TEXT"",""id"":"""",""nodes"":[],""textData"":{""text"":""How "",""decorations"":[{""type"":""COLOR"",""colorData"":{""background"":""rgba(0, 0, 0, 0)"",""foreground"":""rgb(49, 46, 52)""}}]}},{""type"":""TEXT"",""id"":"""",""nodes"":[],""textData"":{""text"":""AI-enhanced"",""decorations"":[{""type"":""BOLD"",""fontWeightValue"":700},{""type"":""COLOR"",""colorData"":{""background"":""transparent"",""foreground"":""rgb(49, 46, 52)""}}]}},{""type"":""TEXT"",""id"":"""",""nodes"":[],""textData"":{""text"":"" methods (like Copilot, Viva, and Power BI) accelerate planning and execution."",""decorations"":[{""type"":""COLOR"",""colorData"":{""background"":""rgba(0, 0, 0, 0)"",""foreground"":""rgb(49, 46, 52)""}}]}}],""type"":""PARAGRAPH""}]},{""type"":""LIST_ITEM"",""id"":""h0jug2229"",""nodes"":[{""paragraphData"":{""textStyle"":{""textAlignment"":""AUTO""}},""style"":{},""id"":""viewer-27rj1289"",""nodes"":[{""type"":""TEXT"",""id"":"""",""nodes"":[],""textData"":{""text"":""Real-world examples"",""decorations"":[{""type"":""BOLD"",""fontWeightValue"":700},{""type"":""COLOR"",""colorData"":{""background"":""transparent"",""foreground"":""rgb(49, 46, 52)""}}]}},{""type"":""TEXT"",""id"":"""",""nodes"":[],""textData"":{""text"":"" from Synozur’s work with Microsoft and other clients."",""decorations"":[{""type"":""COLOR"",""colorData"":{""background"":""rgba(0, 0, 0, 0)"",""foreground"":""rgb(49, 46, 52)""}}]}}],""type"":""PARAGRAPH""}]},{""type"":""LIST_ITEM"",""id"":""qmyrz2232"",""nodes"":[{""paragraphData"":{""textStyle"":{""textAlignment"":""AUTO""}},""style"":{},""id"":""viewer-ghw1a293"",""nodes"":[{""type"":""TEXT"",""id"":"""",""nodes"":[],""textData"":{""text"":""How to use "",""decorations"":[{""type"":""COLOR"",""colorData"":{""background"":""rgba(0, 0, 0, 0)"",""foreground"":""rgb(49, 46, 52)""}}]}},{""type"":""TEXT"",""id"":"""",""nodes"":[],""textData"":{""text"":""Microsoft 365"",""decorations"":[{""type"":""BOLD"",""fontWeightValue"":700},{""type"":""COLOR"",""colorData"":{""background"":""transparent"",""foreground"":""rgb(49, 46, 52)""}}]}},{""type"":""TEXT"",""id"":"""",""nodes"":[],""textData"":{""text"":"" tools to support your Company OS — including Power BI, Amplify, Connections, and Copilot."",""decorations"":[{""type"":""COLOR"",""colorData"":{""background"":""rgba(0, 0, 0, 0)"",""foreground"":""rgb(49, 46, 52)""}}]}}],""type"":""PARAGRAPH""}]},{""type"":""LIST_ITEM"",""id"":""twhe82236"",""nodes"":[{""paragraphData"":{""textStyle"":{""textAlignment"":""AUTO""}},""style"":{},""id"":""viewer-vvh1u297"",""nodes"":[{""type"":""TEXT"",""id"":"""",""nodes"":[],""textData"":{""text"":""Plus, a "",""decorations"":[{""type"":""COLOR"",""colorData"":{""background"":""rgba(0, 0, 0, 0)"",""foreground"":""rgb(49, 46, 52)""}}]}},{""type"":""TEXT"",""id"":"""",""nodes"":[],""textData"":{""text"":""sneak peek"",""decorations"":[{""type"":""BOLD"",""fontWeightValue"":700},{""type"":""COLOR"",""colorData"":{""background"":""transparent"",""foreground"":""rgb(49, 46, 52)""}}]}},{""type"":""TEXT"",""id"":"""",""nodes"":[],""textData"":{""text"":"" at Synozur’s brand-new AI app platform for creating and managing your Company OS"",""decorations"":[{""type"":""COLOR"",""colorData"":{""background"":""rgba(0, 0, 0, 0)"",""foreground"":""rgb(49, 46, 52)""}}]}}],""type"":""PARAGRAPH""}]}],""bulletedListData"":{""indentation"":0}},{""paragraphData"":{""textStyle"":{""textAlignment"":""AUTO""}},""style"":{},""id"":""mct4u2240"",""nodes"":[],""type"":""PARAGRAPH""},{""style"":{},""id"":""viewer-kk3kn301"",""nodes"":[{""type"":""TEXT"",""id"":"""",""nodes"":[],""textData"":{""text"":""Who Should Attend"",""decorations"":[{""type"":""COLOR"",""colorData"":{""background"":""rgba(0, 0, 0, 0)"",""foreground"":""rgb(49, 46, 52)""}}]}}],""headingData"":{""level"":3,""textStyle"":{""textAlignment"":""AUTO""}},""type"":""HEADING""},{""type"":""BULLETED_LIST"",""id"":""c8ayl2242"",""nodes"":[{""type"":""LIST_ITEM"",""id"":""r7oly2243"",""nodes"":[{""paragraphData"":{""textStyle"":{""textAlignment"":""AUTO""}},""style"":{},""id"":""viewer-qnult303"",""nodes"":[{""type"":""TEXT"",""id"":"""",""nodes"":[],""textData"":{""text"":""CEOs, COOs, and strategic leaders in mid-market organizations."",""decorations"":[{""type"":""COLOR"",""colorData"":{""background"":""rgba(0, 0, 0, 0)"",""foreground"":""rgb(49, 46, 52)""}}]}}],""type"":""PARAGRAPH""}]},{""type"":""LIST_ITEM"",""id"":""xvavh2245"",""nodes"":[{""paragraphData"":{""textStyle"":{""textAlignment"":""AUTO""}},""style"":{},""id"":""viewer-g6y6b305"",""nodes"":[{""type"":""TEXT"",""id"":"""",""nodes"":[],""textData"":{""text"":""Microsoft partners and customers looking to improve strategy execution."",""decorations"":[{""type"":""COLOR"",""colorData"":{""background"":""rgba(0, 0, 0, 0)"",""foreground"":""rgb(49, 46, 52)""}}]}}],""type"":""PARAGRAPH""}]},{""type"":""LIST_ITEM"",""id"":""2vhz02247"",""nodes"":[{""paragraphData"":{""textStyle"":{""textAlignment"":""AUTO""}},""style"":{},""id"":""viewer-6qboa307"",""nodes"":[{""type"":""TEXT"",""id"":"""",""nodes"":[],""textData"":{""text"":""Anyone responsible for annual planning, OKRs, or leadership alignment."",""decorations"":[{""type"":""COLOR"",""colorData"":{""background"":""rgba(0, 0, 0, 0)"",""foreground"":""rgb(49, 46, 52)""}}]}}],""type"":""PARAGRAPH""},{""paragraphData"":{""textStyle"":{""textAlignment"":""AUTO""}},""style"":{},""id"":""ytrah2249"",""nodes"":[],""type"":""PARAGRAPH""}]}],""bulletedListData"":{""indentation"":0}},{""style"":{},""id"":""viewer-yee8s309"",""nodes"":[{""type"":""TEXT"",""id"":"""",""nodes"":[],""textData"":{""text"":""Bonus"",""decorations"":[{""type"":""COLOR"",""colorData"":{""background"":""rgba(0, 0, 0, 0)"",""foreground"":""rgb(49, 46, 52)""}}]}}],""headingData"":{""level"":3,""textStyle"":{""textAlignment"":""AUTO""}},""type"":""HEADING""},{""paragraphData"":{""textStyle"":{""textAlignment"":""AUTO""}},""style"":{},""id"":""viewer-rla3w311"",""nodes"":[{""type"":""TEXT"",""id"":"""",""nodes"":[],""textData"":{""text"":""All attendees will receive:"",""decorations"":[{""type"":""COLOR"",""colorData"":{""background"":""rgba(0, 0, 0, 0)"",""foreground"":""rgb(49, 46, 52)""}}]}}],""type"":""PARAGRAPH""},{""type"":""BULLETED_LIST"",""id"":""ns7am2252"",""nodes"":[{""type"":""LIST_ITEM"",""id"":""8gvry2253"",""nodes"":[{""paragraphData"":{""textStyle"":{""textAlignment"":""AUTO""}},""style"":{},""id"":""viewer-lmlx5313"",""nodes"":[{""type"":""TEXT"",""id"":"""",""nodes"":[],""textData"":{""text"":""A link to the Company OS Maturity Model Assessment."",""decorations"":[{""type"":""COLOR"",""colorData"":{""background"":""rgba(0, 0, 0, 0)"",""foreground"":""rgb(49, 46, 52)""}}]}}],""type"":""PARAGRAPH""}]},{""type"":""LIST_ITEM"",""id"":""ey1if2255"",""nodes"":[{""paragraphData"":{""textStyle"":{""textAlignment"":""AUTO""}},""style"":{},""id"":""viewer-0rikd315"",""nodes"":[{""type"":""TEXT"",""id"":"""",""nodes"":[],""textData"":{""text"":""A downloadable Strategy Execution Blueprint tailored to your organization."",""decorations"":[{""type"":""COLOR"",""colorData"":{""background"":""rgba(0, 0, 0, 0)"",""foreground"":""rgb(49, 46, 52)""}}]}}],""type"":""PARAGRAPH""}]},{""type"":""LIST_ITEM"",""id"":""2psjq2257"",""nodes"":[{""paragraphData"":{""textStyle"":{""textAlignment"":""AUTO""}},""style"":{},""id"":""viewer-16zpv317"",""nodes"":[{""type"":""TEXT"",""id"":"""",""nodes"":[],""textData"":{""text"":""Priority access to Synozur’s complimentary North Star Workshop."",""decorations"":[{""type"":""COLOR"",""colorData"":{""background"":""rgba(0, 0, 0, 0)"",""foreground"":""rgb(49, 46, 52)""}}]}}],""type"":""PARAGRAPH""}]}],""bulletedListData"":{""indentation"":0}},{""type"":""PARAGRAPH"",""id"":""vu8oz2259"",""nodes"":[],""paragraphData"":{""textStyle"":{""textAlignment"":""AUTO""}}}],""documentStyle"":{}}",true,"/event-details/strategy-now-with-ai-building-your-company-operating-system-for-2026-success","[""Strategy""]","2026-01-06","<p class=""font_8"">Most organizations have a strategy. Few have a system to deliver it. Join Synozur for a live, interactive webinar to explore how mid-market leaders are transforming their businesses with a Company Operating System™ (Company OS) — a structured, intentional framework that turns strategic vision into daily execution.</p>","#312E34",
"Transforming management frameworks at Microsoft","daa1916a-b9c0-4d32-9e91-31b3ad18a708",2025-02-26T07:30:45Z,2025-08-02T00:12:34Z,"b805cef0-823c-4610-b623-a9de8636fce2","CASE STUDY","wix:image://v1/b805ce_759217ee0d84438089805ae72a743c3a~mv2.jpg/Win16a_BCN_Students2_Table_HPSpectrex360_01416.jpg#originWidth=2000&originHeight=1333","{""nodes"":[{""type"":""PARAGRAPH"",""id"":""foo"",""nodes"":[{""type"":""TEXT"",""id"":"""",""nodes"":[],""textData"":{""text"":""When one of Microsoft’s marketing teams sought to reinvent their annual planning “offsite” to establish new goals and a more dynamic and efficient management framework, they turned to Synozur, a leader in strategic consulting."",""decorations"":[]}}],""paragraphData"":{""textStyle"":{""textAlignment"":""AUTO""},""indentation"":0}},{""type"":""PARAGRAPH"",""id"":""0nkp1157"",""nodes"":[],""paragraphData"":{""textStyle"":{""textAlignment"":""AUTO""},""indentation"":0}},{""type"":""PARAGRAPH"",""id"":""fy3gn159"",""nodes"":[{""type"":""TEXT"",""id"":"""",""nodes"":[],""textData"":{""text"":""Synozur's consulting not only enhanced Microsoft's goal-setting and operational capabilities but also fostered a more cohesive and collaborative working environment. Team members better understood their own natural behaviors and that of their teammates, resulting in improved alignment of strengths and team efforts."",""decorations"":[{""type"":""COLOR"",""colorData"":{""background"":""#FFFFFF"",""foreground"":""rgb(54, 54, 53)""}}]}}],""paragraphData"":{""textStyle"":{""textAlignment"":""AUTO""},""indentation"":0}}],""documentStyle"":{}}",true,"/case-studies/transforming-management-frameworks-at-microsoft","[""Strategy""]","2024-11-01","<p class=""font_8"">When one of Microsoft’s marketing teams sought to reinvent their annual planning “offsite” to establish new goals and a more dynamic and efficient management framework, they turned to Synozur, a leader in strategic consulting.</p>","#312E34",
"Navigating the AI Landscape - Insights from the Microsoft Work Trend Index","e21374bf-963b-44b7-8868-58eebdad0ae2",2025-02-26T02:30:51Z,2025-06-13T20:49:43Z,"b805cef0-823c-4610-b623-a9de8636fce2","WEBINAR","wix:image://v1/b805ce_12218d354d324ae58939a73a5ed3e7bf~mv2.png/AIHuhShort.png#originWidth=624&originHeight=456","{""nodes"":[{""type"":""PARAGRAPH"",""id"":""foo"",""nodes"":[{""type"":""TEXT"",""id"":"""",""nodes"":[],""textData"":{""text"":""Michelle Caldwell from Synozur and David Maffei of Akumina discuss Synozur research and data from the Microsoft Work Trend Index (WTI) about AI deployments, with recommendations for AI success at scale."",""decorations"":[]}}],""paragraphData"":{""textStyle"":{""textAlignment"":""AUTO""},""indentation"":0}}],""documentStyle"":{}}",true,"/webinars/navigating-the-work-trend-index","[""AI"",""Technology""]","2024-07-16","<p class=""font_8"">Michelle Caldwell from Synozur and David Maffei of Akumina discuss Synozur research and data from the Microsoft Work Trend Index (WTI) about AI deployments, with recommendations for AI success at scale.</p>","#312E34",
"Transforming Your Digital Workplace","f0a32aa4-d8af-427d-919b-484b2055a448",2025-03-13T08:07:52Z,2025-06-13T20:49:43Z,"b805cef0-823c-4610-b623-a9de8636fce2","WEBINAR","wix:image://v1/b805ce_c836ad7029db40d0895d816b61cf74d6~mv2.jpeg/AdobeStock_985969032.jpeg#originWidth=5693&originHeight=3884","{""nodes"":[{""type"":""PARAGRAPH"",""id"":""foo"",""nodes"":[{""type"":""TEXT"",""id"":"""",""nodes"":[],""textData"":{""text"":""Michelle Caldwell from Synozur and Ed Rogers from Akumina discuss the importance of internal communications, strategies for driving employee engagement, and the role of AI in the digital workplace. Learn about the latest trends, real-world case studies, and actionable insights on how to create an engaging and efficient digital environment."",""decorations"":[]}}],""paragraphData"":{""textStyle"":{""textAlignment"":""AUTO""},""indentation"":0}}],""documentStyle"":{}}",true,"/webinars/transforming-your-digital-workplace-akumina","[""EXP"",""Technology""]","2025-03-11","<p class=""font_8"">Michelle Caldwell from Synozur and Ed Rogers from Akumina discuss the importance of internal communications, strategies for driving employee engagement, and the role of AI in the digital workplace.</p>","#312E34",
"Leading AI Playbooks & Strategy","fc06b6f8-3978-4f63-a8f7-114482e93acc",2025-07-31T19:13:57Z,2025-08-02T00:11:45Z,"b805cef0-823c-4610-b623-a9de8636fce2","EBOOK","wix:image://v1/b805ce_59c729154ab248e8b251f59c7feb7438~mv2.jpg/16Playbooks.jpg#originWidth=936&originHeight=624","{""nodes"":[{""style"":{},""id"":""o13nf910"",""nodes"":[{""type"":""TEXT"",""id"":"""",""nodes"":[],""textData"":{""text"":""Get the AI Playbook Advantage"",""decorations"":[{""type"":""COLOR"",""colorData"":{""background"":""transparent"",""foreground"":""rgb(49, 46, 52)""}}]}}],""headingData"":{""level"":2,""textStyle"":{""textAlignment"":""AUTO""}},""type"":""HEADING""},{""paragraphData"":{""textStyle"":{""textAlignment"":""AUTO""}},""style"":{},""id"":""08n9c779"",""nodes"":[{""type"":""TEXT"",""id"":"""",""nodes"":[],""textData"":{""text"":""Synozur has synthesized the best strategies from Accenture, Microsoft, Bain, Google, and more—so you don’t have to. Discover how to lead with AI, faster."",""decorations"":[{""type"":""COLOR"",""colorData"":{""background"":""transparent"",""foreground"":""rgb(49, 46, 52)""}}]}}],""type"":""PARAGRAPH""},{""style"":{},""id"":""7k6hd781"",""nodes"":[{""type"":""TEXT"",""id"":"""",""nodes"":[],""textData"":{""text"":""What’s Inside the Combined AI Playbooks?"",""decorations"":[{""type"":""BOLD"",""fontWeightValue"":700},{""type"":""COLOR"",""colorData"":{""background"":""transparent"",""foreground"":""rgb(49, 46, 52)""}}]}}],""headingData"":{""level"":3,""textStyle"":{""textAlignment"":""AUTO""}},""type"":""HEADING""},{""paragraphData"":{""textStyle"":{""textAlignment"":""AUTO""}},""style"":{},""id"":""e2p5y783"",""nodes"":[{""type"":""TEXT"",""id"":"""",""nodes"":[],""textData"":{""text"":""We’ve analyzed and distilled the most actionable insights from 16 of the world’s top AI playbooks—spanning strategy, security, customer experience, cloud adoption, and workforce transformation. This exclusive summary includes:"",""decorations"":[{""type"":""COLOR"",""colorData"":{""background"":""transparent"",""foreground"":""rgb(49, 46, 52)""}}]}}],""type"":""PARAGRAPH""},{""type"":""BULLETED_LIST"",""id"":""i1n8x785"",""nodes"":[{""type"":""LIST_ITEM"",""id"":""7irpj786"",""nodes"":[{""paragraphData"":{""textStyle"":{""textAlignment"":""AUTO""}},""style"":{},""id"":""0dfaz787"",""nodes"":[{""type"":""TEXT"",""id"":"""",""nodes"":[],""textData"":{""text"":""AI maturity models from Accenture and Microsoft"",""decorations"":[{""type"":""COLOR"",""colorData"":{""background"":""transparent"",""foreground"":""rgb(49, 46, 52)""}}]}}],""type"":""PARAGRAPH""}]},{""type"":""LIST_ITEM"",""id"":""ryagx789"",""nodes"":[{""paragraphData"":{""textStyle"":{""textAlignment"":""AUTO""}},""style"":{},""id"":""znldv790"",""nodes"":[{""type"":""TEXT"",""id"":"""",""nodes"":[],""textData"":{""text"":""Agentic AI frameworks from PwC and Deloitte"",""decorations"":[{""type"":""COLOR"",""colorData"":{""background"":""transparent"",""foreground"":""rgb(49, 46, 52)""}}]}}],""type"":""PARAGRAPH""}]},{""type"":""LIST_ITEM"",""id"":""h2u2z792"",""nodes"":[{""paragraphData"":{""textStyle"":{""textAlignment"":""AUTO""}},""style"":{},""id"":""3pwjg793"",""nodes"":[{""type"":""TEXT"",""id"":"""",""nodes"":[],""textData"":{""text"":""Responsible AI governance from Booz Allen and WEF"",""decorations"":[{""type"":""COLOR"",""colorData"":{""background"":""transparent"",""foreground"":""rgb(49, 46, 52)""}}]}}],""type"":""PARAGRAPH""}]},{""type"":""LIST_ITEM"",""id"":""ppo0z795"",""nodes"":[{""paragraphData"":{""textStyle"":{""textAlignment"":""AUTO""}},""style"":{},""id"":""epssf796"",""nodes"":[{""type"":""TEXT"",""id"":"""",""nodes"":[],""textData"":{""text"":""Customer-centric AI from Bain and Amazon"",""decorations"":[{""type"":""COLOR"",""colorData"":{""background"":""transparent"",""foreground"":""rgb(49, 46, 52)""}}]}}],""type"":""PARAGRAPH""}]},{""type"":""LIST_ITEM"",""id"":""9mytc798"",""nodes"":[{""paragraphData"":{""textStyle"":{""textAlignment"":""AUTO""}},""style"":{},""id"":""w8p6h799"",""nodes"":[{""type"":""TEXT"",""id"":"""",""nodes"":[],""textData"":{""text"":""Execution roadmaps from McKinsey, IBM, and PMI"",""decorations"":[{""type"":""COLOR"",""colorData"":{""background"":""transparent"",""foreground"":""rgb(49, 46, 52)""}}]}}],""type"":""PARAGRAPH""}]}],""bulletedListData"":{""indentation"":0}},{""style"":{},""id"":""b4gwb801"",""nodes"":[{""type"":""TEXT"",""id"":"""",""nodes"":[],""textData"":{""text"":""Why It Matters"",""decorations"":[{""type"":""BOLD"",""fontWeightValue"":700},{""type"":""COLOR"",""colorData"":{""background"":""transparent"",""foreground"":""rgb(49, 46, 52)""}}]}}],""headingData"":{""level"":3,""textStyle"":{""textAlignment"":""AUTO""}},""type"":""HEADING""},{""paragraphData"":{""textStyle"":{""textAlignment"":""AUTO""}},""style"":{},""id"":""mo1c8803"",""nodes"":[{""type"":""TEXT"",""id"":"""",""nodes"":[],""textData"":{""text"":""Companies that align AI with business strategy, culture, and governance are outperforming their peers. This playbook collection shows you how to:"",""decorations"":[{""type"":""COLOR"",""colorData"":{""background"":""transparent"",""foreground"":""rgb(49, 46, 52)""}}]}}],""type"":""PARAGRAPH""},{""type"":""BULLETED_LIST"",""id"":""8yok1805"",""nodes"":[{""type"":""LIST_ITEM"",""id"":""f7leu806"",""nodes"":[{""paragraphData"":{""textStyle"":{""textAlignment"":""AUTO""}},""style"":{},""id"":""3wa3p807"",""nodes"":[{""type"":""TEXT"",""id"":"""",""nodes"":[],""textData"":{""text"":""Scale AI beyond pilots"",""decorations"":[{""type"":""COLOR"",""colorData"":{""background"":""transparent"",""foreground"":""rgb(49, 46, 52)""}}]}}],""type"":""PARAGRAPH""}]},{""type"":""LIST_ITEM"",""id"":""72p0y809"",""nodes"":[{""paragraphData"":{""textStyle"":{""textAlignment"":""AUTO""}},""style"":{},""id"":""7sgmu810"",""nodes"":[{""type"":""TEXT"",""id"":"""",""nodes"":[],""textData"":{""text"":""Embed AI into products and operations"",""decorations"":[{""type"":""COLOR"",""colorData"":{""background"":""transparent"",""foreground"":""rgb(49, 46, 52)""}}]}}],""type"":""PARAGRAPH""}]},{""type"":""LIST_ITEM"",""id"":""gsjsd812"",""nodes"":[{""paragraphData"":{""textStyle"":{""textAlignment"":""AUTO""}},""style"":{},""id"":""9p05r813"",""nodes"":[{""type"":""TEXT"",""id"":"""",""nodes"":[],""textData"":{""text"":""Secure and govern AI responsibly"",""decorations"":[{""type"":""COLOR"",""colorData"":{""background"":""transparent"",""foreground"":""rgb(49, 46, 52)""}}]}}],""type"":""PARAGRAPH""}]},{""type"":""LIST_ITEM"",""id"":""kghcn815"",""nodes"":[{""paragraphData"":{""textStyle"":{""textAlignment"":""AUTO""}},""style"":{},""id"":""2dkp2816"",""nodes"":[{""type"":""TEXT"",""id"":"""",""nodes"":[],""textData"":{""text"":""Empower your workforce with AI tools"",""decorations"":[{""type"":""COLOR"",""colorData"":{""background"":""transparent"",""foreground"":""rgb(49, 46, 52)""}}]}}],""type"":""PARAGRAPH""}]}],""bulletedListData"":{""indentation"":0}},{""style"":{},""id"":""w9450818"",""nodes"":[{""type"":""TEXT"",""id"":"""",""nodes"":[],""textData"":{""text"":""How Synozur Helps"",""decorations"":[{""type"":""BOLD"",""fontWeightValue"":700},{""type"":""COLOR"",""colorData"":{""background"":""transparent"",""foreground"":""rgb(49, 46, 52)""}}]}}],""headingData"":{""level"":3,""textStyle"":{""textAlignment"":""AUTO""}},""type"":""HEADING""},{""type"":""BULLETED_LIST"",""id"":""nrimv820"",""nodes"":[{""type"":""LIST_ITEM"",""id"":""u8j9u821"",""nodes"":[{""paragraphData"":{""textStyle"":{""textAlignment"":""AUTO""}},""style"":{},""id"":""8anae822"",""nodes"":[{""type"":""TEXT"",""id"":"""",""nodes"":[],""textData"":{""text"":""AI Maturity Acceleration"",""decorations"":[{""type"":""BOLD"",""fontWeightValue"":700},{""type"":""COLOR"",""colorData"":{""background"":""transparent"",""foreground"":""rgb(49, 46, 52)""}}]}},{""type"":""TEXT"",""id"":"""",""nodes"":[],""textData"":{""text"":""Move from experimentation to enterprise-scale AI."",""decorations"":[{""type"":""COLOR"",""colorData"":{""background"":""transparent"",""foreground"":""rgb(49, 46, 52)""}}]}}],""type"":""PARAGRAPH""}]},{""type"":""LIST_ITEM"",""id"":""nbh3t825"",""nodes"":[{""paragraphData"":{""textStyle"":{""textAlignment"":""AUTO""}},""style"":{},""id"":""80lhr826"",""nodes"":[{""type"":""TEXT"",""id"":"""",""nodes"":[],""textData"":{""text"":""Cloud-Powered Transformation"",""decorations"":[{""type"":""BOLD"",""fontWeightValue"":700},{""type"":""COLOR"",""colorData"":{""background"":""transparent"",""foreground"":""rgb(49, 46, 52)""}}]}},{""type"":""TEXT"",""id"":"""",""nodes"":[],""textData"":{""text"":""Build scalable, secure AI infrastructure."",""decorations"":[{""type"":""COLOR"",""colorData"":{""background"":""transparent"",""foreground"":""rgb(49, 46, 52)""}}]}}],""type"":""PARAGRAPH""}]},{""type"":""LIST_ITEM"",""id"":""utqsd829"",""nodes"":[{""paragraphData"":{""textStyle"":{""textAlignment"":""AUTO""}},""style"":{},""id"":""v7jx6830"",""nodes"":[{""type"":""TEXT"",""id"":"""",""nodes"":[],""textData"":{""text"":""Human-Centered Innovation"",""decorations"":[{""type"":""BOLD"",""fontWeightValue"":700},{""type"":""COLOR"",""colorData"":{""background"":""transparent"",""foreground"":""rgb(49, 46, 52)""}}]}},{""type"":""TEXT"",""id"":"""",""nodes"":[],""textData"":{""text"":""Use AI to elevate customer and employee experiences"",""decorations"":[{""type"":""COLOR"",""colorData"":{""background"":""transparent"",""foreground"":""rgb(49, 46, 52)""}}]}}],""type"":""PARAGRAPH""}]}],""bulletedListData"":{""indentation"":0}}],""documentStyle"":{}}",true,"/items/leading-ai-playbooks-and-strategic-analysis","[""AI"",""Technology""]","2025-08-01","<h4 class=""font_4"">Access the Combined AI Playbooks of 16 Global Leaders</h4>
<p class=""font_8"">Synozur has synthesized the best strategies from Accenture, Microsoft, Bain, Google, and more—so you don’t have to. Discover how to lead with AI, faster.</p>","#312E34","[""b2e4cbea-50cf-4c63-b641-01b9c6212af5""]"
"Transform Your Digital Workplace","fd2a46a1-2a28-4c9d-b68c-e015f3988d78",2025-02-27T16:36:56Z,2025-08-02T00:20:20Z,"b805cef0-823c-4610-b623-a9de8636fce2","WEBINAR","wix:image://v1/b805ce_8fd2264c599f4a7dba78545a92260119~mv2.jpeg/AdobeStock_985969032.jpeg#originWidth=5693&originHeight=3884","{""nodes"":[{""type"":""PARAGRAPH"",""id"":""foo"",""nodes"":[{""type"":""TEXT"",""id"":"""",""nodes"":[],""textData"":{""text"":""Our webinar, sponsored with our partners at "",""decorations"":[{""type"":""COLOR"",""colorData"":{""background"":""var(--ricos-custom-p-background-color,unset)"",""foreground"":""rgb(0, 0, 0)""}}]}},{""type"":""TEXT"",""id"":"""",""nodes"":[],""textData"":{""text"":""Akumina"",""decorations"":[{""type"":""COLOR"",""colorData"":{""background"":""transparent"",""foreground"":""var(--ricos-custom-link-color,var(--ricos-action-color,#116dff))""}},{""type"":""LINK"",""linkData"":{""link"":{""url"":""https://www.akumina.com/"",""target"":""BLANK""}}}]}},{""type"":""TEXT"",""id"":"""",""nodes"":[],""textData"":{""text"":"" - will delve into the essential components of a successful digital workplace. Our speakers – Michelle Caldwell from Synozur and Ed Rogers from Akumina - will discuss the importance of internal communications, strategies for driving employee engagement, and the role of AI in the digital workplace. Join us to learn about the latest trends, real-world case studies, and actionable insights on how to create an engaging and efficient digital environment."",""decorations"":[{""type"":""COLOR"",""colorData"":{""background"":""var(--ricos-custom-p-background-color,unset)"",""foreground"":""rgb(0, 0, 0)""}}]}}],""paragraphData"":{""textStyle"":{""textAlignment"":""AUTO""},""indentation"":0}}],""documentStyle"":{}}",false,"/event-details/transforming-the-digital-workplace-strategies-for-engagement-and-success","[""EXP"",""Technology""]","2025-03-11","<p class=""font_8"">Our webinar, sponsored with our partners at <a href=""https://www.akumina.com/"" rel=""noopener"" target=""_blank"">Akumina</a>&nbsp;- will delve into the essential components of a successful digital workplace.</p>","#312E34",
"CARE-RAFT Prompting - Industry Examples","fd56598c-5e0a-4e8e-a34b-da071182a6aa",2025-08-21T20:02:14Z,2025-08-21T20:04:28Z,"b805cef0-823c-4610-b623-a9de8636fce2","REFERENCE","wix:image://v1/b805ce_09efecc1c63b4e3b99d791bcbb81331d~mv2.jpg/CARE-RAFT.jpg#originWidth=1536&originHeight=1024","{""nodes"":[{""type"":""PARAGRAPH"",""id"":""6lhin445"",""nodes"":[{""type"":""TEXT"",""id"":"""",""nodes"":[],""textData"":{""text"":""Learn how the CARE framework—focusing on context, intended action, output rules, and examples—alongside RAFT’s emphasis on AI role, audience, response format, and task, can be used to craft structured, actionable prompts that guide artificial intelligence toward clearer, more precise outputs."",""decorations"":[]}}],""paragraphData"":{""textStyle"":{""textAlignment"":""AUTO""}}},{""type"":""PARAGRAPH"",""id"":""i7xda450"",""nodes"":[],""paragraphData"":{""textStyle"":{""textAlignment"":""AUTO""}}},{""type"":""PARAGRAPH"",""id"":""v43ge447"",""nodes"":[{""type"":""TEXT"",""id"":"""",""nodes"":[],""textData"":{""text"":""We’ve got examples of each across some of the top market sectors. These approaches offer practical guidance for anyone seeking to maximize the quality and relevance of AI-generated content."",""decorations"":[]}}],""paragraphData"":{""textStyle"":{""textAlignment"":""AUTO""}}}],""documentStyle"":{}}",true,"/items/care-raft-prompting-industry-examples","[""AI"",""Technology""]","2025-08-21","<p class=""font_8"">Explore two influential prompt engineering frameworks, CARE and RAFT, that support more effective generative AI interactions with examples by industry.</p>","#312E34",
