"Status","Title","Models (Item)","Description","Graphic","URL","Long Description","Levels and Dimensions","Related Information","ID","Created Date","Updated Date","Owner","Models","Publish Date","Unpublish Date"
"PUBLISHED","Knowledge Management Maturity Model","/models/knowledge-management-maturity-model","Assess your organization's knowledge management maturity across leadership, culture, processes, technology, risk/compliance, and use of AI. This model is aligned with industry best practices (APQC, CMMI, ISO 30401) and provides a 5-level maturity evaluation.","wix:image://v1/b805ce_c47dfecd3ac74431be4ec2e9b2e234ea~mv2.jpeg/AdobeStock_371497878.jpeg#originWidth=2500&originHeight=1667","https://orion.synozur.com/kmmm","<p class=""font_8"">The Synozur Knowledge Management Maturity Model is a strategic framework designed to help organizations assess, evolve, and optimize how they manage knowledge. Built on industry best practices and aligned with CMMI and APQC principles, the model provides a clear roadmap for transforming knowledge from a fragmented, ad hoc resource into a trusted, enterprise-wide asset. It enables organizations to benchmark their current state, identify capability gaps, and prioritize improvements that drive productivity, innovation, and AI readiness.</p>
<p class=""font_8""><br></p>
<p class=""font_8"">The model is structured across five progressive maturity levels—each scored on a 100–500 scale—and evaluated through four critical dimensions: People, Process, Technology, and Governance. As organizations move up the maturity curve, they shift from reactive, siloed knowledge practices to intelligent, adaptive systems that continuously learn and improve. Whether you're just starting your KM journey or looking to scale AI-powered knowledge discovery, the Synozur model offers a practical, outcome-driven path to elevate knowledge as a core operating capability.</p>
<p class=""font_8""><br></p>
<p class=""font_8""><strong>What you receive</strong></p>
<ul class=""font_8"">
  <li><p class=""font_8""><strong>Instant results—no login required:</strong> complete the assessment and immediately see your <strong>100–500 maturity score</strong>.&nbsp;</p></li>
  <li><p class=""font_8""><strong>Downloadable PDF report:</strong> personalized recommendations by stage and dimension, plus a shareable summary for stakeholders.&nbsp;</p></li>
  <li><p class=""font_8""><strong>Follow‑on resources:</strong> links to best‑practice guides, workshops, and enablement to move from score to impact.&nbsp;</p></li>
</ul>","<h4 class=""font_4"">Maturity Stages</h4>
<ul class=""font_8"">
  <li><p class=""font_8"">🟤 Level 1: Fragmented &amp; Tribal (Score 100)<br>
Knowledge is informal, siloed, and dependent on individuals. No formal KM strategy or tools.</p></li>
  <li><p class=""font_8"">🟠 Level 2: Documented but Disconnected (Score 200)<br>
Some knowledge is captured, but it’s scattered, inconsistent, and lacks governance or trust.</p></li>
  <li><p class=""font_8"">🟡 Level 3: Structured &amp; Governed (Score 300)<br>
KM is formalized with defined roles, standards, and a central repository. Adoption is growing.</p></li>
  <li><p class=""font_8"">🟢 Level 4: Operationalized &amp; Embedded (Score 400)<br>
KM is embedded in workflows, widely adopted, and continuously measured for improvement.</p></li>
  <li><p class=""font_8"">🔵 Level 5: Intelligent &amp; Adaptive (Score 500)<br>
KM is AI-enhanced, self-improving, and a strategic differentiator across the enterprise.</p></li>
</ul>
<h4 class=""font_4"">Core Dimensions</h4>
<ul class=""font_8"">
  <li><p class=""font_8"">👥 People<br>
Culture, behaviors, ownership, and incentives for knowledge sharing and reuse.</p></li>
  <li><p class=""font_8"">🔄 Process<br>
Workflows and practices for capturing, curating, and applying knowledge.</p></li>
  <li><p class=""font_8"">💻 Technology<br>
Tools, platforms, and infrastructure that enable discovery, access, and AI readiness.</p></li>
  <li><p class=""font_8"">🛡️ Governance<br>
Standards, policies, roles, and accountability that ensure trust, quality, and compliance.</p></li>
</ul>",,"159f1161-d9e3-4a23-963a-338869ac9d9d",2026-02-15T22:09:19Z,2026-02-16T23:14:28Z,"b805cef0-823c-4610-b623-a9de8636fce2","/models/",2026-02-15T22:09:19Z,
"PUBLISHED","GTM Maturity Model","/models/gtm-maturity-model","The Go-To-Market (GTM) Maturity model measures how ready your organization is to scale by evaluating its approach to launching and selling products—covering market fit, brand clarity, pricing strategy, demand generation, sales enablement, and collateral effectiveness.","wix:image://v1/b805ce_610645951fa747adaad22b93eb3c8dd9~mv2.png/GTMNight.png#originWidth=614&originHeight=409","https://orion.synozur.com/gtm","<p class=""font_8"">The GTM Maturity model evaluates how effectively your organization approaches go-to-market and business development across six critical dimensions: <strong>Market Fit</strong>, ensuring clear problem–solution alignment and segmentation; <strong>Brand, Naming &amp; Messaging</strong>, creating a differentiated narrative and portfolio clarity; <strong>Pricing, Packaging &amp; Monetization</strong>, driving value-based pricing and disciplined discounting; <strong>Demand Engine</strong>, integrating inbound, outbound, digital, and event strategies for pipeline growth; <strong>Sales &amp; Channels</strong>, equipping teams and partners with plays and assets to accelerate wins; and <strong>Collateral</strong>, leveraging high-impact content and artifacts to amplify product value.&nbsp;</p>
<p class=""font_8""><br></p>
<p class=""font_8"">Together, these dimensions provide a structured framework for assessing readiness, identifying gaps, and unlocking AI-powered recommendations for scalable growth.</p>
<p class=""font_8""><br></p>
<p class=""font_8""><strong>What you receive</strong></p>
<ul class=""font_8"">
  <li><p class=""font_8""><strong>Instant results—no login required:</strong> complete the assessment and immediately see your <strong>100–500 maturity score</strong>.&nbsp;</p></li>
  <li><p class=""font_8""><strong>Downloadable PDF report:</strong> personalized recommendations by stage and dimension, plus a shareable summary for stakeholders.&nbsp;</p></li>
  <li><p class=""font_8""><strong>Follow‑on resources:</strong> links to best‑practice guides, workshops, and enablement to move from score to impact.&nbsp;</p></li>
</ul>","<h3 class=""font_3"">Dimensions</h3>
<p class=""font_8""><br></p>
<p class=""font_8""><strong>Market Fit</strong></p>
<p class=""font_8"">Validates problem–solution fit, segmentation, and persona clarity to focus pipeline on winnable customers.</p>
<p class=""font_8""><br></p>
<p class=""font_8""><strong>Brand, Naming &amp; Messaging</strong></p>
<p class=""font_8"">Ensures a clear, differentiated narrative (MPF), portfolio naming, and proofs that land value with buyers.</p>
<p class=""font_8""><br></p>
<p class=""font_8""><strong>Pricing, Packaging &amp; Monetization</strong></p>
<p class=""font_8"">Aligns value‑based pricing, tiers/add‑ons, and discount discipline to drive healthy ASP and expansion.</p>
<p class=""font_8""><br></p>
<p class=""font_8""><strong>Demand Engine</strong></p>
<p class=""font_8"">(Inbound, Outbound, Digital &amp; Events) — Orchestrates content/SEO, paid, SDR outbound, social/influencer, and event programs into qualified pipeline.</p>
<p class=""font_8""><br></p>
<p class=""font_8""><strong>Sales &amp; Channels</strong></p>
<p class=""font_8"">Equips field/partners with plays, battlecards, and assets to improve win rates and cycle times.</p>
<p class=""font_8""><br></p>
<p class=""font_8""><strong>Collateral</strong></p>
<p class=""font_8"">Documents, papers, videos, images, pitch decks, demonstrations - the digital artifacts used to repeat and amplify product value.</p>
<p class=""font_8""><br></p>
<p class=""font_8""><br></p>
<h3 class=""font_3"">Maturity Scale Levels</h3>
<p class=""font_8""><br></p>
<p class=""font_8""><strong>Initial (100-199)</strong></p>
<p class=""font_8"">Beginning GTM journey</p>
<p class=""font_8""><br></p>
<p class=""font_8""><strong>Emerging (200-299)</strong></p>
<p class=""font_8"">Experimenting with GTM</p>
<p class=""font_8""><br></p>
<p class=""font_8""><strong>Defined (300-399)</strong></p>
<p class=""font_8"">Operational GTM processes</p>
<p class=""font_8""><br></p>
<p class=""font_8""><strong>Measured (400-449)</strong></p>
<p class=""font_8"">Strategic GTM foundations</p>
<p class=""font_8""><br></p>
<p class=""font_8""><strong>Optimizing (450-500)</strong></p>
<p class=""font_8"">Leading GTM transformation</p>",,"36c28137-c144-4dcc-9576-aea69805e264",2025-12-18T18:12:35Z,2026-02-16T23:19:37Z,"b805cef0-823c-4610-b623-a9de8636fce2","/models/",2025-12-18T18:12:35Z,
"PUBLISHED","Content Management Maturity Model","/models/content-management-maturity-model","Evaluate your organization's content and document management maturity across leadership, people, technology, processes, GRC, and AI capabilities. Platform-agnostic framework with Microsoft 365 examples.","wix:image://v1/b805ce_9a2084eef48c4f90ba8406b5c809eff7~mv2.jpeg/Firefly_5c02a715-05d7-48e2-91d7-99c03988b690.jpeg#originWidth=2688&originHeight=1536","https://orion.synozur.com/content-management-maturity","<p class=""font_8"">The Content Management Maturity Assessment is a structured, research-backed framework aligned to CMMI5 principles that helps organizations evaluate how effectively they manage content and documents across the enterprise.</p>
<p class=""font_8""><br></p>
<p class=""font_8"">This model lives inside <strong>Orion</strong> (orion.synozur.com), Synozur's AI-powered transformation assessment platform, which delivers personalized AI-driven insights, industry benchmarking, radar charts, and a downloadable executive report. It's designed to help organizations not just understand <em>where they are</em>, but receive a prioritized roadmap for <em>where to go next</em> — connecting content maturity directly to business outcomes like risk reduction, AI readiness, and operational efficiency. For clients already invested in Microsoft 365, it bridges the gap between technology capability and governance maturity in a single, actionable assessment.&nbsp;</p>","<p class=""font_8"">It assesses maturity across <strong>six dimensions</strong> — Leadership &amp; Governance, People &amp; Skills, Technology &amp; Data, Process &amp; Adoption, GRC (Governance, Risk &amp; Compliance), and AI &amp; Intelligent Document Processing — scoring organizations across five levels from <em>Initial/Ad Hoc</em> through <em>Frontier/Intelligent</em>. The assessment takes 12–15 minutes and generates a maturity score that places the organization on a clear transformation spectrum.&nbsp;</p>
<p class=""font_8""><br></p>
<p class=""font_8"">Each of the six dimensions is evaluated independently, though progress in one often enables gains in others. At the lower end, organizations operate reactively — fragmented storage, no governance, manual processes. At the higher end, they run as intelligent enterprises where AI agents autonomously manage information lifecycles, predictive compliance identifies risks before they surface, and content is treated as a strategic business asset driving decision-making. The model is <strong>platform-agnostic by design</strong>, but includes practical Microsoft 365 examples throughout — referencing SharePoint, OneDrive, Microsoft Purview, Azure AI Document Intelligence, and Microsoft Syntex — making it immediately applicable for organizations in the Microsoft ecosystem.&nbsp;</p>",,"6ecdd136-4c4c-4bb3-a4fa-1e546589536f",2026-02-15T22:13:07Z,2026-03-20T16:00:52Z,"b805cef0-823c-4610-b623-a9de8636fce2","/models/",2026-02-15T22:13:07Z,
"PUBLISHED","AI Maturity Model","/models/ai-maturity-model","Evaluate your organization's AI readiness and maturity across key dimensions including strategy, infrastructure, talent, and implementation capabilities.","wix:image://v1/b805ce_9027f93fb21340c1b3f7a9e25b1f832b~mv2.jpeg/AdobeStock_1238508882.jpeg#originWidth=4624&originHeight=2589","https://aimaturity.synozur.com","<p class=""font_8"">The <strong>Synozur AI Maturity Model</strong> is a five‑stage framework—<strong>Explore</strong>, <strong>Build</strong>, <strong>Scale</strong>, <strong>Transform</strong>, <strong>Frontier</strong>—that gives business and technology leaders a common language to assess readiness, align investments, and sequence AI initiatives with confidence. It’s designed to move you from isolated experimentation to an enterprise growth engine where AI is orchestrated across people, process, data, and platforms.&nbsp;</p>
<p class=""font_8""><br></p>
<p class=""font_8""><strong>How it works</strong><br>
A conversational, guided assessment produces an <strong>AI maturity score on a 100–500 scale</strong>, then maps targeted “next‑level” actions by dimension. The experience was specified for executives and IT leaders—clear, empathetic, and outcome‑focused—so teams can act immediately, not just admire the problem.</p>
<p class=""font_8""><br></p>
<p class=""font_8""><strong>What you receive</strong></p>
<ul class=""font_8"">
  <li><p class=""font_8""><strong>Instant results—no login required:</strong> complete the assessment and immediately see your <strong>100–500 maturity score</strong>.&nbsp;</p></li>
  <li><p class=""font_8""><strong>Downloadable PDF report:</strong> personalized recommendations by stage and dimension, plus a shareable summary for stakeholders.&nbsp;</p></li>
  <li><p class=""font_8""><strong>Follow‑on resources:</strong> links to best‑practice guides, workshops, and enablement to move from score to impact.&nbsp;</p></li>
</ul>","<h3 class=""font_3"">Maturity Scale Levels</h3>
<p class=""font_8""><strong>Explore (100-199)</strong></p>
<p class=""font_8"">Organizations experiment with isolated AI pilots led by enthusiasts, but lack strategic direction, governance, and coordinated leadership, resulting in limited business impact and “pilot paralysis.”</p>
<p class=""font_8""><br></p>
<p class=""font_8""><strong>Build (200-299)</strong></p>
<p class=""font_8"">Companies begin laying strategic and technical foundations for AI, investing in data infrastructure and governance, with formal leadership emerging but business value still constrained by talent gaps and low adoption.</p>
<p class=""font_8""><br></p>
<p class=""font_8""><strong>Scale (300-399)</strong></p>
<p class=""font_8"">AI is deployed across multiple business functions with measurable impact, supported by cross-functional governance and strong business-technology alignment, though scaling is challenged by workforce retraining and cultural resistance.</p>
<p class=""font_8""><br></p>
<p class=""font_8""><strong>Transform (400-449)</strong></p>
<p class=""font_8"">AI becomes a strategic driver embedded in core operations and decision-making, championed by C-suite leaders, delivering competitive advantages through innovation, personalization, and operational efficiency.</p>
<p class=""font_8""><br></p>
<p class=""font_8""><strong>Frontier (450-500)</strong></p>
<p class=""font_8"">The organization reinvents its business model with an AI-first culture, treating AI as an omnipresent utility, enabling dynamic human–AI teams and autonomous systems that continuously optimize operations and set new industry standards.</p>
<p class=""font_8""><br></p>
<h3 class=""font_3"">Dimensions</h3>
<p class=""font_8""><br></p>
<p class=""font_8""><strong>Strategy &amp; Leadership</strong></p>
<p class=""font_8"">The organization’s vision, executive sponsorship, and strategic alignment ensure AI initiatives are prioritized, funded, and integrated with high-value business goals.</p>
<p class=""font_8""><br></p>
<p class=""font_8""><strong>Talent &amp; Skills</strong></p>
<p class=""font_8"">The workforce is equipped with the necessary AI expertise, upskilling programs, and cross-functional collaboration to drive adoption and innovation.</p>
<p class=""font_8""><br></p>
<p class=""font_8""><strong>Data &amp; Infrastructure</strong></p>
<p class=""font_8"">Robust data pipelines, cloud platforms, and secure infrastructure provide the technical foundation for scalable, reliable, and high-impact AI solutions.</p>
<p class=""font_8""><br></p>
<p class=""font_8""><strong>Use Case Integration</strong></p>
<p class=""font_8"">AI is embedded into core business processes and products, with measurable outcomes tied to enterprise KPIs and operational workflows.</p>
<p class=""font_8""><br></p>
<p class=""font_8""><strong>Governance &amp; Responsible AI</strong></p>
<p class=""font_8"">Ethical, secure, and transparent AI practices are institutionalized through strong governance frameworks, risk management, and compliance with emerging regulations</p>
<p class=""font_8""><br></p>
<p class=""font_8""><strong>Culture &amp; Change Management</strong></p>
<p class=""font_8"">An AI-ready culture fosters agility, experimentation, and continuous learning, supported by effective change management and broad workforce engagement.</p>","[""fc06b6f8-3978-4f63-a8f7-114482e93acc"",""b3f3495b-38e0-4c37-a270-0214b95eec67""]","b2e4cbea-50cf-4c63-b641-01b9c6212af5",2025-10-14T17:19:57Z,2026-02-16T23:13:56Z,"b805cef0-823c-4610-b623-a9de8636fce2","/models/",2025-10-14T17:20:02Z,
"PUBLISHED","Management and Company OS","/models/management-and-company-os","Evaluate how effectively your organization runs — from mission and goals to strategy, management rhythm, and execution. A fast, structured assessment that shows you where your Company Operating System stands and where to go next.","wix:image://v1/b805ce_ce184f8f253d449998f9017fec96d76c~mv2.png/u8445749678_To_promote_Synozurs_podcast_show_a_photorealistic_2c893074-08b9-47a6-89b8-237fdc7b230d_3.png#originWidth=1456&originHeight=816","https://orion.synozur.com/cos-light","<p class=""font_8"">Most organizations have a strategy — but far fewer have a system to run it. The Company OS Maturity Model helps leadership teams assess the health of their management and operating frameworks across five critical dimensions: Business Foundations, Goals, Strategy, Management Framework, and Founder/Leadership Dependence. Scored on a 100–500 scale aligned to CMMI principles, the model pinpoints where your organization operates reactively, where it runs with discipline, and where it's truly integrated and data-driven. In 10–15 minutes, you'll get a clear picture of your current state — and a roadmap to close the gaps between where you are and where you need to be.</p>","<ul class=""font_8"">
  <li><p class=""font_8""><strong>100 – Initial:</strong> Business foundations are undocumented, goals are undefined, strategy is absent or siloed, and management decisions run through the founder with no distributed authority.</p></li>
  <li><p class=""font_8""><strong>200 – Managed:</strong> A mission statement exists but isn't widely known, high-level goals are defined, divisional plans are mistaken for strategy, and some regular meetings and communications are in place.</p></li>
  <li><p class=""font_8""><strong>300 – Defined:</strong> Mission, vision, and values are documented and accessible, goals are established and shared annually, strategy choices are made intentionally, and a consistent annual planning approach is in place.</p></li>
  <li><p class=""font_8""><strong>400 – Quantified:</strong> Organizational components are deeply embedded in communications, goals have clear owners and are routinely reviewed, strategy effectiveness is measured with metrics, and leadership operates through a clear hierarchy of SMART goals.</p></li>
  <li><p class=""font_8""><strong>500 – Integrated:</strong> Alignment with all components is measured and reviewed on a regular schedule, data automatically drives goal evaluation, strategy effectiveness is continuously optimized, and a fully integrated management framework operates at every level of the organization.</p></li>
</ul>",,"ed6729cb-de17-407c-baf6-7e8f1c6b49c8",2026-02-15T22:11:21Z,2026-03-20T16:17:43Z,"b805cef0-823c-4610-b623-a9de8636fce2","/models/",2026-02-15T22:11:21Z,
