"Title","Services Overview","Services (Item)","ID","Created Date","Updated Date","Owner","Display Order","Icon","Parent-Service-ID","Button Text","Service-ID","Hero Text","Secondary Title","Secondary Text","Tertiary Title","Tertiary Text","Blurb","Tags","Solutions","Blog Category","Primary Blog Category Text"
"Organizational Transformation","/services-overview/strategic-transformation","/services/strategic-transformation","32974d23-9293-4d8d-9318-1838627318ff",2025-04-30T18:55:17Z,2025-05-24T00:25:43Z,"6d695450-e5a5-4388-bd66-b6ec68c68375",1,"wix:image://v1/6d6954_e80100f3c6354ab1b09f89e9116cd313~mv2.png/Icons_Site_Strategic_Transformation.png#originWidth=250&originHeight=250",0,"Organizational Transformation",1,"<p class=""font_7"">Synozur works in concert with your leadership team to develop new business strategies and management frameworks to optimize and elevate your effectiveness. We help our customers implement new <strong>company operating systems</strong> and detailed adoption strategies tailored to their specific organizational and cultural needs.</p>
<p class=""font_7""><br></p>
<p class=""font_7"">Our approach involves defining and refining your company’s foundations - <strong>mission, purpose, values, and goals</strong>. Strategy and planning are separate components. We facilitate leadership decisions that form your <strong>strategy</strong> and assist with the annual <strong>planning</strong> required to implement them.</p>","Clarifying Strategic Direction and Tactical Execution","<p class=""font_8"">There is no such thing as <em>""strategic planning""</em>.</p>
<p class=""font_8""><br></p>
<p class=""font_8"">Strategy and planning are often confused, but they are fundamentally different. <strong>Strategy</strong> involves making choices where the outcomes are beyond your control, such as deciding to expand your product lines or entering a new market. These strategic decisions set the direction for your business and require a long-term vision.</p>
<p class=""font_8""><br></p>
<p class=""font_8"">On the other hand, <strong>planning</strong> involves the specific tactics and actions you will take to execute your strategy, such as organizing a customer training event or launching a marketing campaign. Planning is about determining the steps and resources needed to achieve your strategic goals.</p>
<p class=""font_8""><br></p>
<p class=""font_8"">Objectives and Key Results (<strong>OKRs</strong>) are tools used to measure the success of your strategies. They provide a framework for setting and tracking goals, but they do not need to encapsulate every tactical activity within the company. Instead, OKRs focus on the key outcomes that drive your strategic objectives forward.</p>",,,"<p class=""font_8"">We help refine the <strong>foundations</strong> of your business — mission, vision, values — and guide leadership through <strong>strategic decision-making</strong>and <strong>annual planning</strong>. From <strong>company operating systems</strong> to adoption strategies, we equip organizations to lead.</p>","[""Strategy""]","[""0b6c88a7-b508-425f-aa32-65455a0130ea"",""03424973-e10c-4637-896f-7fe47df954ea"",""7c1f38b8-fc84-446c-b7d2-db83a128140c""]","7a07ad39-3e80-4104-930a-483bc52b20e1","Strategy"
"Technology Transformation","/services-overview/technology-transformation","/services/technology-transformation","5cad2f38-33ba-4924-8cfd-9c2bb246eeea",2025-04-30T18:55:20Z,2025-05-24T00:25:25Z,"6d695450-e5a5-4388-bd66-b6ec68c68375",2,"wix:image://v1/6d6954_5205285cd4b0483aba6d862a47f509c5~mv2.png/Icons_Site_Technology_Transformation.png#originWidth=250&originHeight=250",0,"Technology Transformation",2,"<p class=""font_7"">Synozur develops technology strategies that align with your business ambitions, working in concert with your leadership team to develop new plans to maximize innovation and ROI.</p>","Synchronizing Innovation with Business Strategy","<p class=""font_8"">In today's rapidly evolving business landscape, having an aligned roadmap for technology that matches your business strategy is crucial for success.</p>
<p class=""font_8""><br></p>
<p class=""font_8"">An aligned roadmap ensures that your technology investments are directly supporting your business objectives, leading to more efficient operations, enhanced customer experiences, and a competitive edge in the market. It helps in prioritizing initiatives that drive the most value, avoiding unnecessary expenditures on redundant tools, and ensuring that every piece of technology in your arsenal is essential and impactful.</p>
<p class=""font_8""><br></p>
<p class=""font_8"">By aligning technology with business strategy, companies can foster innovation, improve agility, and achieve sustainable growth, positioning themselves for long-term success.</p>",,,"<p class=""font_8"">Synozur develops <strong>technology strategies and roadmaps</strong> that align with your business imperatives, working in concert with your leadership team and the industry to develop new plans to maximize <strong>innovation and ROI</strong>.</p>","[""Technology""]","[""dbe07fa1-8228-478b-aa22-cf7c16d2b111"",""7716c57c-cde1-4177-9eee-479212043293"",""a1562957-6886-4a26-89ec-faedb6aa7356""]","84061bdc-419e-4105-b9c8-8b668fc9a239","Technology"
"Go-To-Market Transformation","/services-overview/go-to-market-transformation","/services/go-to-market-transformation","6c35211f-bd5a-44e4-9f64-5cd2e79dbf34",2025-04-30T18:55:20Z,2025-07-06T17:17:29Z,"6d695450-e5a5-4388-bd66-b6ec68c68375",4,"wix:image://v1/6d6954_9b54d19f226a481a95eb9ca1373125f8~mv2.png/Icons_Site_Go_To_Market_Transformation.png#originWidth=250&originHeight=250",0,"Go-To-Market Transformation",4,"<p class=""font_7"">We analyze your market strategies and <strong>develop go-to-market plans and campaigns that align with your business goals</strong>. We also provide brand transformation, design operations, campaign execution, event management, coaching, and team building.</p>
<p class=""font_7""><br></p>
<p class=""font_7"">Often, we can redefine marketing messaging and positioning, testing new approaches and introducing them to the right audiences and agencies. And if you’re a channel partner, <strong>we’re here to assist with channel development and maintain strong relationships within the Microsoft partner ecosystem</strong>.</p>","Transforming Capabilities Into Market Success","<p class=""font_8"">In today's rapidly evolving landscape, marketing is undergoing a monumental transformation, paving the way for innovative strategies and redefining what it means to achieve success. Marketing connects markets to products and brings products to markets. It turns your capabilities into businesses.</p>
<p class=""font_8""><br></p>
<p class=""font_8"">Marketing excellence can be a game-changer for businesses, as it drives brand recognition, customer loyalty, and revenue growth. By excelling in marketing, companies can effectively communicate their value proposition, differentiate themselves from competitors, and build lasting relationships with their target audience.</p>",,,"<p class=""font_8"">We develop <strong>go-to-market plans</strong>, transform <strong>branding and messaging</strong>, and design campaigns. We also help develop <strong>product plans</strong>, test approaches, and assist channel partners in building <strong>strong Microsoft ecosystem relationships</strong>.</p>","[""GTM"",""Marketing""]","[""80279842-5e70-43b0-bda2-5ef909f6523b"",""6dc3d89f-1009-4196-baee-bc884bffdda4"",""692cae4a-1540-4080-9098-ea41379e41f8""]","84a9dc69-018f-4e56-856e-3d3daa266f4f","Marketing"
"Experience Transformation","/services-overview/experiences","/services/experiences","9696040a-cb12-4345-a115-9771b284336f",2025-04-30T18:55:20Z,2025-07-06T17:17:23Z,"6d695450-e5a5-4388-bd66-b6ec68c68375",3,"wix:image://v1/6d6954_45f23cb7902d4627a4b6dcf4aa8b630b~mv2.png/Icons_Site_Experiences.png#originWidth=250&originHeight=250",0,"Experience Transformation",3,"<p class=""font_7"">Our Experience Transformation services encompass a comprehensive suite of capabilities designed to optimize processes, enhance employee engagement, and drive innovation. Our approach is strategic, innovative, and tailored to meet your unique needs of each client.</p>","Optimizing Engagement Across the Employee Lifecycle","<p class=""font_8"">Synozur’s Experience Transformation offering is designed to revolutionize the way organizations approach process optimization, employee engagement, and leadership development. By leveraging our comprehensive suite of services, companies can achieve transformative results that drive performance and growth.</p>
<p class=""font_8""><br></p>
<p class=""font_8"">Employee Strategies</p>
<p class=""font_8"">We develop engagement strategies that prioritize employee experience, UX design, and strategic communication initiatives. Our expertise includes intranet design, website UX, and comprehensive experience design strategies.</p>
<p class=""font_8""><br></p>
<p class=""font_8"">Communication Strategies</p>
<p class=""font_8"">Effective communication is vital for organizational success. We create tailored communication strategies and plans that align with company goals and enhance employee engagement.</p>",,,"<p class=""font_8"">Our Experience Transformation services are designed to elevate <strong>employee engagement</strong>, streamline <strong>operations</strong>, and spark <strong>innovation</strong>. With a strategic and tailored approach, we create experiences that reflect your culture and empower your people.</p>","[""EXP""]","[""2d7b114b-900c-4f02-b25d-d8cf98020974"",""71b465bd-04a9-4cc5-9f43-3fb45560a8c6"",""0bb2e5a8-1e18-4eab-ba1c-aa5ad81fd190""]","abdbe492-2091-4745-9530-0af77400209d","xperience"
"Our Services","/services-overview/default","/services/our-services","d1b350e2-a15c-4f6d-8c2e-2d1860226cb5",2025-04-30T20:22:24Z,2025-05-24T00:27:05Z,"6d695450-e5a5-4388-bd66-b6ec68c68375",,,,,0,"<p class=""font_7"">At Synozur, we help organizations chart their course with confidence — aligning people, technology, and strategy to move forward with clarity. We illuminate what’s desirable and make it achievable.</p>",,,,,,,,,
