"Title","Solutions (Item)","ID","Created Date","Updated Date","Owner","Display Order","Icon","Parent Service","Button Text","Hero Text","Secondary Title","Secondary Text","Our Approach Title","Our Approach Text","Blurb","Tags","Services_solutions","Blog Tag","Blog Category","Primary Blog Category Filter","Button URL","Blurb Copy","Hero Text Color"
"Fractional Leadership","/solutions/fractional-leadership","03424973-e10c-4637-896f-7fe47df954ea",2025-05-01T23:14:25Z,2025-08-27T19:46:56Z,"6d695450-e5a5-4388-bd66-b6ec68c68375",2,"wix:image://v1/6d6954_fe39428b42014b75b9155c98a317c929~mv2.png/Icons_Site_Fractional_Leadership.png#originWidth=250&originHeight=250","32974d23-9293-4d8d-9318-1838627318ff","Leadership On Demand","<p class=""font_7"">In today's dynamic business environment, organizations often find themselves in need of expert leadership that can adapt quickly to changing conditions. This is where fractional leadership, particularly <strong>fractional CxOs (fCxOs)</strong>, comes into play. Fractional CxOs are highly experienced executives who join companies on a part-time, temporary, or project basis, providing the strategic guidance and tactical support needed to navigate complex challenges and seize new opportunities.</p>","Executive Impact Without Full-Time Overhead","<p class=""font_8"">Companies are increasingly turning to fCxOs for several compelling reasons.</p>
<ul class=""font_8"">
  <li><p class=""font_8"">Fractional leaders bring a wealth of <strong>knowledge and diverse industry experience</strong> that can inject fresh perspectives and innovative ideas into the organization.</p></li>
  <li><p class=""font_8"">They offer a <strong>flexible and cost-effective </strong>solution, allowing businesses to access top-tier executive talent without the long-term commitment and financial burden of a full-time hire.</p></li>
  <li><p class=""font_8"">FCxOs can<strong> rapidly integrate</strong> into the company, driving immediate impact and ensuring alignment with the company’s strategic goals.</p></li>
</ul>","The Synozur Approach","<p class=""font_8"">Our consultants have years of experience as executives for revenue, operations, AI, marketing, technology, security, finance, creative services, chiefs of staff, boards of directors and more. We can help you short-term or long-term with leadership that fits your needs and your timeframe.</p>
<p class=""font_8""><br></p>
<p class=""font_8"">Furthermore, our fractional CxOs bring fresh perspective to your organization. As we work with multiple clients across industries, we are well-versed in the latest trends, technologies, and leading practices. This broad experience enables us to stay strategic and develop your competitive edge.</p>
<p class=""font_8""><br></p>
<p class=""font_8"">Synozur’s approach to fractional CxO engagements is designed to ensure that the transition is smooth, effective, and aligned with the company's strategic objectives. This approach leverages the structured methodologies used in our fCxO engagements and is tailored to support various executive roles.</p>","<p class=""font_8"">Fractional CxOs bring high-impact leadership when and where it’s needed most. We provide flexible, executive-level guidance that accelerates momentum and bridges capability gaps without long-term overhead.</p>","[""FCXO""]","[""32974d23-9293-4d8d-9318-1838627318ff""]",,"7a07ad39-3e80-4104-930a-483bc52b20e1","Strategy","/solutions/fractional-leadership","Fractional CxOs bring high-impact leadership when and where it’s needed most. We provide flexible, executive-level guidance that accelerates momentum and bridges capability gaps without long-term overhead.","#FFFFFF"
"Company OS","/solutions/company-os","0b6c88a7-b508-425f-aa32-65455a0130ea",2025-05-01T23:09:43Z,2025-08-28T22:41:07Z,"6d695450-e5a5-4388-bd66-b6ec68c68375",1,"wix:image://v1/6d6954_f1fc2bbf00184308882cd27e42b953fd~mv2.png/Icons_Site_Company_OS.png#originWidth=250&originHeight=250","32974d23-9293-4d8d-9318-1838627318ff","Explore Company OS","<p class=""font_7"">Synozur works in concert with your leadership team to develop new business strategies and management frameworks to optimize and elevate your effectiveness. We help our customers implement new <strong>Company Operating Systems (COS)</strong> and detailed adoption strategies tailored to their specific organizational and cultural needs.</p>","A Framework to Drive Business Clarity and Focus","<p class=""font_8"">Our approach involves defining and refining your company’s foundations - <strong>mission, purpose, values, and goals</strong>. Strategy and planning are separate components. We facilitate leadership decisions that form your <strong>strategy</strong> and assist with the annual <strong>planning</strong> required to implement them.</p>
<p class=""font_8""><br></p>
<h3 class=""font_3"">The Company Operating System</h3>
<p class=""font_8"">How best to move forward? A Company Operating System (CoS) can help.</p>
<p class=""font_8""><br></p>
<p class=""font_8"">A Company Operating System is a framework that creates and maintains clarity and focus on your company's priorities. It includes foundational building blocks, strategy, plans, goals, and measures across the organization. Just like computers, the COS is the ""operating system"" for your business, accelerating business performance and results.</p>","The Synozur Approach","<p class=""font_8"">Our CoS approach includes four components:</p>
<ul class=""font_8"">
  <li><p class=""font_8""><strong>Business Foundation</strong>: This includes the core values, purpose, vision, mission, and targets of the company. It sets the groundwork for all other components and ensures that everyone in the organization is aligned with the company's fundamental principles.</p></li>
  <li><p class=""font_8""><strong>Strategy</strong>: Strategy involves making integrated choices that position the company to win in its chosen market. It differentiates between strategic and operational aspects, focusing on transformative and forward-looking objectives.</p></li>
  <li><p class=""font_8""><strong>Annual Plan</strong>: The annual plan consists of setting yearly objectives, targets, and quarterly rocks (incremental goals). Workshops are often used to create these components, ensuring that the company stays on track to achieve its long-term goals.</p></li>
  <li><p class=""font_8""><strong>Focus Rhythm</strong>: This component includes a scorecard, annual planning, quarterly planning, and weekly focus meetings. It ensures that the company maintains a regular rhythm of reviewing and adjusting its priorities and performance.</p></li>
</ul>","<p class=""font_8"">A Company Operating System aligns your purpose, goals, and execution strategy into a unified model. We help you implement this framework to improve clarity, accountability, and operational performance across your organization.</p>","[""Strategy""]","[""32974d23-9293-4d8d-9318-1838627318ff""]","[""Strategy""]","7a07ad39-3e80-4104-930a-483bc52b20e1","Strategy","/solutions/company-os","A Company Operating System aligns your purpose, goals, and execution strategy into a unified model. We help you implement this framework to improve clarity, accountability, and operational performance across your organization.","#FFFFFF"
"Microsoft Partner Development","/solutions/microsoft-partner-development","0bb2e5a8-1e18-4eab-ba1c-aa5ad81fd190",2025-05-01T23:14:25Z,2025-08-27T19:47:37Z,"6d695450-e5a5-4388-bd66-b6ec68c68375",3,"wix:image://v1/6d6954_fcd649b0d763493bb973a2c4eb2a29f1~mv2.png/Icons_Site_Microsoft_Partner_Development.png#originWidth=250&originHeight=250","6c35211f-bd5a-44e4-9f64-5cd2e79dbf34","Explore MSFT Growth","<p class=""font_7"">If you’re a Microsoft partner, or trying to become one, great. Leveraging our deep ecosystem expertise, we drive <strong>Microsoft partner development</strong> and engagement. We help you navigate the complexities of partner relationships, aligning with Microsoft sales, marketing and product teams. We also help you find opportunity in Microsoft’s GTM strategy and roadmap, ensuring that you maximize the benefits of your Microsoft partnerships.</p>","Navigating the Microsoft Ecosystem for Growth","<p class=""font_8"">As Microsoft itself approaches 50, its ecosystem also approaches colossal scale. <a href=""https://blogs.microsoft.com/blog/2025/03/24/microsoft-at-50-the-journey-and-future-of-the-partner-ecosystem/"" target=""_blank"">According to recent data</a>, the total addressable market (TAM) for Microsoft's ecosystem is projected to reach <strong>$661 billion in 2025</strong>. Furthermore, <a href=""https://partner.microsoft.com/en-us/blog/article/microsoft-ecosystem-value-new-data-reveals-partner-paths-to-profitability-and-growth"" target=""_blank"">IDC</a> established that for every $1 of Microsoft revenue, partners derive a multiple in their own business <strong>service-led partners make $7.63, and software-led partners make $10.11.</strong></p>
<p class=""font_8""><br></p>
<p class=""font_8"">Key factors contributing to this growth include:</p>
<ul class=""font_8"">
  <li><p class=""font_8""><strong>Cloud Computing</strong>: Widespread adoption of Microsoft 365 and Azure, making it vital for businesses of all sizes.</p></li>
  <li><p class=""font_8""><strong>Artificial Intelligence:</strong> Tools like Azure AI and Copilot, enhancing productivity and driving digital transformation.</p></li>
  <li><p class=""font_8""><strong>Enterprise Solutions:</strong> Products like Microsoft Dynamics 365 and Microsoft 365, crucial for efficient business operations.</p></li>
</ul>
<p class=""font_8"">Imagine navigating the complexities of partner relationships with ease, aligning seamlessly with Microsoft's sales, marketing, and product teams. As a partner in the <strong>vast Microsoft ecosystem</strong>, you are not merely joining a network; you're stepping into a realm of boundless opportunities, especially with the emergence of generative AI in Copilot and other groundbreaking technologies.</p>
<p class=""font_8""><br></p>
<p class=""font_8"">Being a part of this ecosystem means you can tap into a wealth of resources, support, and expertise. Microsoft's GTM strategy and roadmap become your guiding stars, helping you <strong>maximize the benefits of your partnership</strong>. This alignment ensures that you are always ahead of the curve, ready to seize new opportunities as soon as they arise.</p>
<p class=""font_8""><br></p>
<p class=""font_8"">The Microsoft ecosystem is vast and complex, but with the right alignment, you can navigate it effortlessly. You'll find yourself in sync with <strong>the latest trends and developments,</strong> making sure your offerings are always relevant and competitive. Your partnership is not just about technology; it's about driving meaningful outcomes that align with your business goals.</p>","The Synozur Approach","<p class=""font_8"">Our team at Synozur is dedicated to helping you navigate the intricacies of the Microsoft ecosystem and develop a go-to-market (GTM) strategy that aligns perfectly with Microsoft's strategic goals.</p>
<p class=""font_8""><br></p>
<p class=""font_8"">Leveraging our deep ecosystem expertise, we ensure that your GTM strategy is in sync with Microsoft's sales, marketing, and product teams and informed by the latest roadmap plans. This alignment keeps ou ahead of the curve, ready to seize new opportunities as soon as they arise. Imagine navigating the complexities of partner relationships with ease, aligning seamlessly with Microsoft's evolving roadmap, especially with the emergence of <strong>generative AI in Copilot</strong> and other groundbreaking technologies. Our strategic approach ensures that your offerings are always relevant and competitive, driving meaningful outcomes that align with your business goals.</p>
<p class=""font_8""><br></p>
<p class=""font_8"">Developing strong relationships with the right stakeholders within Microsoft is crucial for maximizing the benefits of your partnership. Our team, with years of experience running <strong>partner programs at Microsoft</strong>and being deeply embedded as <strong>Microsoft channel partners, Regional Directors (RDs), and Most Valuable Professionals (MVPs)</strong>, helps you connect directly with key players in Microsoft's field, marketing, and product teams. This direct connection allows you to tap into a wealth of resources, support, and expertise, ensuring that your partnership is empowered and enriched.</p>
<p class=""font_8""><br></p>
<p class=""font_8"">Synozur’s <strong>extensive experience and deep involvement in the Microsoft ecosystem</strong> enable us to connect you to the best partner programs across Microsoft. Whether it’s leveraging the latest trends, accessing exclusive resources, or finding the right opportunities, we ensure that you are well-positioned to make the most of your partnership.</p>
<p class=""font_8""><br></p>
<h3 class=""font_3""><strong>Why Choose Synozur?</strong></h3>
<ul class=""font_8"">
  <li><p class=""font_8""><strong>Strategic Approach:</strong> We align technical solutions with your business goals to drive meaningful outcomes.</p></li>
  <li><p class=""font_8""><strong>Human-Centered Design:</strong> Our empathetic approach ensures that our solutions cater to the end-users – your employees.</p></li>
  <li><p class=""font_8""><strong>Continuous Support:</strong> We are with you every step of the way, from initial strategy to ongoing optimization and innovation.</p></li>
</ul>","<p class=""font_8"">We help you navigate the Microsoft partner ecosystem—building strong relationships, aligning to Microsoft’s GTM strategy, and unlocking co-sell opportunities. Our deep ecosystem knowledge ensures your partnership drives real results.</p>","[""Microsoft"",""GTM""]","[""9696040a-cb12-4345-a115-9771b284336f""]",,"0109db52-39a3-4ea1-9264-443cf2d46c6f","Marketing","/solutions/microsoft-partner-development","We help you navigate the Microsoft partner ecosystem—building strong relationships, aligning to Microsoft’s GTM strategy, and unlocking co-sell opportunities. Our deep ecosystem knowledge ensures your partnership drives real results.","#FFFFFF"
"Brand and Messaging","/solutions/brand-and-messaging","2d7b114b-900c-4f02-b25d-d8cf98020974",2025-05-01T23:14:25Z,2025-08-27T19:48:19Z,"6d695450-e5a5-4388-bd66-b6ec68c68375",1,"wix:image://v1/6d6954_9483e0092bbe414692c74773d341b35c~mv2.png/Icons_Site_Brand_and_Messaging.png#originWidth=250&originHeight=250","6c35211f-bd5a-44e4-9f64-5cd2e79dbf34","Brand Strategy","<p class=""font_7"">We work closely with you to define your <strong>brand identity </strong>and create a new <strong>messaging and positioning framework (MPF)</strong> that captures its essence. Our approach ensures that your brand stands out in the market and communicates effectively with your target audience.</p>","Building Identity and Communicating Value","<p class=""font_8"">A well-defined <strong>brand strategy</strong> provides a roadmap for all marketing efforts, ensuring consistency and coherence across all channels. It helps you articulate your business values, mission, and vision in a way that connects with your audience on an emotional level. This connection fosters loyalty and trust, which are essential for long-term success.</p>
<p class=""font_8""><br></p>
<p class=""font_8"">Moreover, a clear <strong>messaging and positioning framework</strong> aligns all communications, from marketing campaigns to customer interactions, with your unique value propositions. It ensures that every touchpoint reinforces your brand's core message and enhances its impact. This alignment not only improves brand recognition but also drives business outcomes by attracting and retaining customers who truly resonate with your brand's values.</p>
<p class=""font_8""><br></p>
<p class=""font_8"">At Synozur, we work closely with you to develop a brand strategy and an MPF that captures the essence of your business and sets the stage for sustainable growth. Our expertise <strong>in brand development and messaging</strong> ensures that your brand stands out in the market and effectively communicates its unique value propositions to your target audience.</p>","The Synozur Approach","<p class=""font_8"">At Synozur, we start by immersing ourselves in your business to understand its core values, mission, and vision. This deep dive allows us to capture the essence of your brand and translate it into a compelling <strong>brand strategy</strong> that resonates with your target audience.</p>
<p class=""font_8""><br></p>
<p class=""font_8"">We leverage our extensive experience in brand development and messaging to craft a <strong>Messaging and Positioning Framework (MPF)</strong> that highlights your unique differentiators and ensures consistency across all communication channels. Our collaborative process involves stakeholders at every stage, ensuring that the final MPF accurately reflects your brand's voice and aligns with your business goals.</p>
<p class=""font_8""><br></p>
<p class=""font_8"">Our expertise in brand development and messaging ensures that your brand stands out in the market and effectively communicates its unique value propositions to your target audience.</p>","<p class=""font_8"">We help define and position your brand through messaging frameworks that resonate. Our work ensures your identity stands out in a crowded market—clear, compelling, and aligned to your values.</p>","[""EXP"",""Marketing""]","[""9696040a-cb12-4345-a115-9771b284336f""]",,"0109db52-39a3-4ea1-9264-443cf2d46c6f","Marketing","/solutions/brand-and-messaging","We help define and position your brand through messaging frameworks that resonate. Our work ensures your identity stands out in a crowded market—clear, compelling, and aligned to your values.","#FFFFFF"
"Design Strategies","/solutions/design-strategies","692cae4a-1540-4080-9098-ea41379e41f8",2025-05-01T23:14:25Z,2025-08-27T19:47:27Z,"6d695450-e5a5-4388-bd66-b6ec68c68375",3,"wix:image://v1/6d6954_aa8ca3814ad742c3a65ed89ee7234ea4~mv2.png/Icons_Site_Design_Strategies.png#originWidth=250&originHeight=250","9696040a-cb12-4345-a115-9771b284336f","Explore Design Strategy","<p class=""font_7"">At Synozur, we've got you covered when it comes to transforming your digital experience. We're experts in intranet design, website design, and user experience (UX), ensuring your platform looks great and functions flawlessly. Plus, we dive into experience design, helping you engage your team with top-notch communication strategies.</p>","Crafting Impactful and Human-Centered Experiences","<p class=""font_8"">Design-led processes are at the forefront of driving meaningful transformation across various dimensions of experience, including <strong>user experience</strong>&nbsp;(UX), <strong>customer experience</strong>&nbsp;(CX), <strong>brand experience</strong> (BX), and <strong>employee experience</strong>&nbsp;(EXP). These processes ensure that every touchpoint, interaction, and engagement is thoughtfully crafted to enhance satisfaction, foster loyalty, and create lasting impressions.</p>","The Synozur Approach","<p class=""font_8"">UX is paramount in ensuring that digital platforms and products are intuitive, accessible, and enjoyable to use. A design-led approach focuses on understanding user needs, behaviors, and pain points through research and usability testing. By prioritizing user-centric design, organizations can create seamless and engaging experiences that drive user retention and satisfaction.</p>
<p class=""font_8""><br></p>
<h3 class=""font_3"">Key Elements of UX Design-Led Processes</h3>
<ul class=""font_8"">
  <li><p class=""font_8""><strong>Empathy</strong>: Understanding and addressing user needs and preferences.</p></li>
  <li><p class=""font_8""><strong>Usability Testing:</strong> Iteratively testing designs to ensure ease of use.</p></li>
  <li><p class=""font_8""><strong>Accessibility</strong>: Designing inclusive experiences for all users.</p></li>
  <li><p class=""font_8""><strong>Feedback Loop:</strong> Continuously gathering user feedback to inform improvements.</p></li>
</ul>
<h3 class=""font_3"">Customer Experience (CX)</h3>
<p class=""font_8"">A design-led approach to CX involves creating cohesive and memorable interactions across all customer touchpoints, from marketing to support. By aligning every aspect of the customer journey with a well-defined design strategy, businesses can foster positive relationships, increase customer loyalty, and drive revenue growth.</p>
<p class=""font_8""><br></p>
<h3 class=""font_3"">Key Elements of CX Design-Led Processes</h3>
<ul class=""font_8"">
  <li><p class=""font_8""><strong>Journey Mapping:</strong> Visualizing the customer journey to identify key touchpoints.</p></li>
  <li><p class=""font_8""><strong>Consistency:</strong>Ensuring a uniform experience across all channels.</p></li>
  <li><p class=""font_8""><strong>Personalization:</strong>Tailoring interactions to individual customer needs.</p></li>
  <li><p class=""font_8""><strong>Proactive Engagement:</strong> Anticipating and addressing customer concerns.</p></li>
</ul>
<h3 class=""font_3"">Brand Experience (BX)</h3>
<p class=""font_8"">Design-led processes play a crucial role in shaping brand identity and perception. By meticulously crafting visual elements, messaging, and interactions, organizations can create a strong and recognizable brand that resonates with their audience. A well-designed BX fosters brand loyalty and advocacy.</p>
<p class=""font_8""><br></p>
<h3 class=""font_3"">Key Elements of BX Design-Led Processes</h3>
<ul class=""font_8"">
  <li><p class=""font_8""><strong>Brand Identity:</strong> Creating a distinct and memorable visual and verbal brand.</p></li>
  <li><p class=""font_8""><strong>Consistency</strong>: Maintaining cohesive branding across all platforms.</p></li>
  <li><p class=""font_8""><strong>Storytelling</strong>: Communicating brand values and narratives effectively.</p></li>
  <li><p class=""font_8""><strong>Engagement</strong>: Building emotional connections with the audience.</p></li>
</ul>
<h3 class=""font_3"">Employee Experience (EXP)</h3>
<p class=""font_8"">A design-led approach to EXP focuses on creating a work environment that is engaging, motivating, and supportive. By understanding employee needs and preferences, organizations can design processes, tools, and spaces that enhance productivity and satisfaction, leading to better performance and retention.</p>
<p class=""font_8""><br></p>
<h3 class=""font_3"">Key Elements of EXP Design-Led Processes</h3>
<ul class=""font_8"">
  <li><p class=""font_8""><strong>Workplace Design</strong>: Creating functional and inspiring workspaces.</p></li>
  <li><p class=""font_8""><strong>Onboarding</strong>: Designing effective and welcoming onboarding experiences.</p></li>
  <li><p class=""font_8""><strong>Communication</strong>: Facilitating clear and engaging communication channels.</p></li>
  <li><p class=""font_8""><strong>Development</strong>: Providing opportunities for growth and learning.</p></li>
</ul>","<p class=""font_8"">From UX to intranets to web, we craft digital experiences that engage and empower. Our design strategies blend aesthetics with functionality, always grounded in the needs of your people.</p>","[""GTM"",""Marketing""]","[""6c35211f-bd5a-44e4-9f64-5cd2e79dbf34""]",,"f747a4f6-e90d-4c7b-880b-2d862d8b0d9b","Experience","/solutions/design-strategies","From UX to intranets to web, we craft digital experiences that engage and empower. Our design strategies blend aesthetics with functionality, always grounded in the needs of your people.","#FFFFFF"
"Communication Strategies","/solutions/communication-strategies","6dc3d89f-1009-4196-baee-bc884bffdda4",2025-05-01T23:14:25Z,2025-08-27T19:47:32Z,"6d695450-e5a5-4388-bd66-b6ec68c68375",2,"wix:image://v1/6d6954_e572200d6eba4c8392db774e375d5c77~mv2.png/Icons_Site_Communication_Strategies.png#originWidth=250&originHeight=250","9696040a-cb12-4345-a115-9771b284336f","Comms Approach","<p class=""font_7"">Effective communication is vital for organizational success. We create tailored communication strategies and plans that align with company goals and enhance employee engagement.</p>","Boosting Alignment Through Effective Messaging","<p class=""font_8"">Developing an employee communications strategy is crucial for the success and performance of any organization. According to Synozur's data, organizations with a well-defined communication strategy experience a <strong>25% increase in employee productivity and engagement</strong>. Effective communication fosters a sense of belonging and understanding among employees, leading to <strong>higher morale and reduced turnover rates</strong>. It also ensures that all team members are aligned with the organization's goals and values, which enhances collaboration and drives better decision-making.</p>","The Synozur Approach","<p class=""font_8"">Communication is more than pretty emails. Branded experiences show commitment and reinforce your mission, values, goals, and purpose. Moving beyond intranets, the <strong>digital workplace</strong> plays a significant role in facilitating robust communication strategies. By leveraging digital tools and platforms, organizations can create seamless and interactive channels for information dissemination and feedback collection.</p>
<p class=""font_8""><br></p>
<p class=""font_8""><strong>Communities of practice</strong>, where employees can share knowledge and best practices, are integral to this ecosystem. They promote continuous learning and innovation, further contributing to organizational growth. With strategic communication and digital engagement, companies can build a cohesive and dynamic workforce that is well-equipped to navigate the complexities of the modern business environment.</p>
<p class=""font_8""><br></p>
<p class=""font_8"">To achieve effective communication within an organization, it is essential to implement <strong>two-way communication strategies</strong> that incorporate active listening, dynamic polls and surveys, and engaged live digital events such as town halls and all-hands meetings.</p>
<p class=""font_8""><br></p>
<p class=""font_8"">Dynamic <strong>polls and surveys</strong> are powerful tools for gathering real-time feedback on various topics, from employee satisfaction to organizational changes. These interactive elements allow employees to voice their opinions and contribute to the decision-making process, ensuring that their perspectives are considered and addressed.</p>
<p class=""font_8""><br></p>
<p class=""font_8"">Engaged live digital events, including <strong>town halls and all-hands meetings</strong>, provide opportunities for direct interaction between leadership and employees. These events create a transparent platform for discussing company goals, achievements, and challenges, while also allowing employees to ask questions and receive immediate responses. This level of engagement helps build trust and align the entire workforce with the organization's vision and objectives.</p>","<p class=""font_8"">We develop communication plans that connect your teams, support change, and reinforce your company’s mission. Our strategies are tailored, intentional, and designed to enhance engagement.</p>","[""GTM"",""Marketing""]","[""6c35211f-bd5a-44e4-9f64-5cd2e79dbf34""]",,"f747a4f6-e90d-4c7b-880b-2d862d8b0d9b","Experience","/solutions/communication-strategies","We develop communication plans that connect your teams, support change, and reinforce your company’s mission. Our strategies are tailored, intentional, and designed to enhance engagement.","#FFFFFF"
"GTM Strategy and Execution","/solutions/gtm-strategy-and-execution","71b465bd-04a9-4cc5-9f43-3fb45560a8c6",2025-05-01T23:14:25Z,2025-08-27T19:47:41Z,"6d695450-e5a5-4388-bd66-b6ec68c68375",2,"wix:image://v1/6d6954_273481c86e3f458aa737ef7507a33ad2~mv2.png/Icons_Site_GTM_Strategy_and_Execution.png#originWidth=250&originHeight=250","6c35211f-bd5a-44e4-9f64-5cd2e79dbf34","Launch Strategy","<p class=""font_7"">We design the themes and rhythms for sustained engagement with your markets and stakeholders to drive product success, optimize market entry, and maximize customer acquisition.</p>","Bringing Products to Market with Precision","<p class=""font_8"">Picture this: You've got a fantastic product or service, but how do you make sure it's a hit in the market? That's where <strong>a Go-to-Market (GTM) strategy</strong> comes in. It helps you map out the best way to introduce your offering, ensuring it reaches the right audience at the right time.</p>
<p class=""font_8""><br></p>
<p class=""font_8"">A great GTM strategy isn't just about launching — it’s about <strong>sustained engagement,</strong> optimizing market entry, and maximizing customer acquisition. Think of it as your game plan for success, keeping you ahead of the competition and resonating with your market.</p>
<p class=""font_8""><br></p>
<p class=""font_8"">Now, let's talk <strong>strategy transformation</strong>. The market is always evolving, and so should your strategy. By transforming your strategy, you're not just keeping up with changes—you’re anticipating them. This means you're always a step ahead, ready to pivot and adapt to new trends, buyer behaviors, and market demands. It's about staying relevant and innovative, ensuring your long-term success.</p>","The Synozur Approach","<p class=""font_8"">We can start by helping you define your product and product strategy, in many cases working as <strong>fractional chief product officers</strong> in concert with our design experience team. &nbsp;Sometimes we conduct <strong>market research </strong>to supplement our shared thinking. Synozur can also develop <strong>brand strategy, marketing strategy and pricing/packaging plans.</strong> Aligned with your brand and messaging, we can design and direct broad engagement programs for <strong>customers, field, and channel</strong>. We bring our <strong>marketing expertise and execution</strong> to help you craft and deliver the right content and messages to succeed in your market.</p>","<p class=""font_8"">We create structured rhythms and go-to-market strategies that drive product adoption, market presence, and long-term growth. Our approach ensures your message reaches the right audience at the right time.</p>","[""GTM""]","[""9696040a-cb12-4345-a115-9771b284336f""]",,"0109db52-39a3-4ea1-9264-443cf2d46c6f","Marketing","/solutions/gtm-strategy-and-execution","We create structured rhythms and go-to-market strategies that drive product adoption, market presence, and long-term growth. Our approach ensures your message reaches the right audience at the right time.","#FFFFFF"
"AI Strategy and Design","/solutions/ai-strategy-and-design","7716c57c-cde1-4177-9eee-479212043293",2025-05-01T23:14:25Z,2025-08-27T19:38:20Z,"6d695450-e5a5-4388-bd66-b6ec68c68375",2,"wix:image://v1/6d6954_e9da75ff9257443ab1d6720dfb815d76~mv2.png/Icons_Site_AI_Strategy_and_Design.png#originWidth=250&originHeight=250","5cad2f38-33ba-4924-8cfd-9c2bb246eeea","View AI Approach","<p class=""font_7"">Our expertise in AI technologies like Copilot ensures that you’re <strong>fully equipped to implement and manage AI solutions</strong> that transform productivity and business processes.</p>","Transforming the Workplace Through Generative AI","<p class=""font_8"">GenAI has many potential applications and benefits for the digital workforce, such as:</p>
<p class=""font_8""><br></p>
<ul class=""font_8"">
  <li><p class=""font_8"">Enhancing productivity and creativity</p></li>
  <li><p class=""font_8"">Improving communication and collaboration</p></li>
  <li><p class=""font_8"">Enabling innovation and discovery</p></li>
</ul>
<p class=""font_8""><br></p>
<p class=""font_8"">While GenAI has transformative potential, its deployment should be carefully planned and executed, focusing on foundational collaboration, communication, productivity, and security.&nbsp;</p>
<p class=""font_8""><br></p>
<p class=""font_8"">Artificial intelligence transcends the capabilities of a single assistant such as Microsoft 365 Copilot, serving as a catalyst for the digital transformation of your organization. It enhances productivity and fosters innovative collaboration methods by harnessing your proprietary data, ingenuity, and intellectual assets, optimizing your competitive advantage.&nbsp;</p>
<p class=""font_8""><br></p>
<p class=""font_8"">This demands a comprehensive approach, embedding robust security and risk management frameworks to secure and expand these advantages into the future.</p>","AI Integration and Management","<p class=""font_8"">Synozur’s expertise in Microsoft's AI technologies ensures that you’re fully equipped to implement and manage AI solutions that transform business processes.</p>
<p class=""font_8""><br></p>
<p class=""font_8"">We take <strong>a human-centric approach to AI</strong>, ensuring that your solutions are ethical and considerate of their impact on your workforce.</p>
<p class=""font_8""><br></p>
<p class=""font_8"">We<strong> map AI to achievable business outcomes</strong>. Whether it's improving customer experience, driving efficiency, or unlocking new revenue streams, we deliver tangible outcomes.</p>
<p class=""font_8""><br></p>
<p class=""font_8"">Finally, <strong>we design and implement pilot programs and rollouts</strong> with a customized curriculum-based campaign.</p>","<p class=""font_8"">We bring clarity and purpose to AI, aligning tools like Copilot with meaningful business outcomes. From ethical design to pilot programs, we help you chart a course that blends innovation with human impact.</p>","[""Technology"",""AI""]","[""5cad2f38-33ba-4924-8cfd-9c2bb246eeea""]",,"84061bdc-419e-4105-b9c8-8b668fc9a239","Technology","/solutions/ai-strategy-and-design","We bring clarity and purpose to AI, aligning tools like Copilot with meaningful business outcomes. From ethical design to pilot programs, we help you chart a course that blends innovation with human impact.","#FFFFFF"
"Delivery Management","/solutions/delivery-management","7c1f38b8-fc84-446c-b7d2-db83a128140c",2025-05-01T23:14:25Z,2025-08-27T19:47:01Z,"6d695450-e5a5-4388-bd66-b6ec68c68375",3,"wix:image://v1/6d6954_da0531cbd8d44d5fbc50b99abb613bc9~mv2.png/Icons_Site_Delivery_Management.png#originWidth=250&originHeight=250","32974d23-9293-4d8d-9318-1838627318ff","Our Delivery Approach","<p class=""font_7"">We focus on <strong>effective project and product management practices to ensure successful outcomes</strong>. Our team can also provide Agile leadership (SCRUM master, product owner), PMO development, project delivery, program management, and leadership coaching to enhance efficiency, collaboration and strategic alignment.</p>","Governance and Adoption for Strategic Success","<p class=""font_8"">Additionally, we can help you create and facilitate <strong>executive steering committees</strong>, ensuring your initiatives have the guidance and oversight needed to succeed. We also design <strong>adoption programs</strong> tailored to your organization, focusing on delivering or exceeding expected results. With our support, your transition to more advanced technologies will be smooth and effective.</p>","The Synozur Approach","<p class=""font_8"">There are many approaches to organizing projects. Three of the most common are:</p>
<p class=""font_8""><br></p>
<h3 class=""font_3"">Agile / SCRUM</h3>
<p class=""font_8"">Agile is an iterative and collaborative approach to project management and software development. It breaks projects into smaller, manageable tasks and shorter time segments called sprints. Agile emphasizes flexibility, continuous improvement, and customer collaboration. Teams reflect and adjust their strategies after each sprint to improve the process for the next one. This methodology is particularly useful for projects where requirements and solutions evolve through the collaborative effort of cross-functional teams.</p>
<p class=""font_8""><br></p>
<h3 class=""font_3"">Waterfall</h3>
<p class=""font_8"">Waterfall is a linear and sequential approach to project management. It involves completing each project phase before moving on to the next. The five distinct phases of Waterfall are requirements, design, implementation, verification, and maintenance. This methodology is rigid and relies heavily on thorough planning and documentation before the project begins. It is best suited for projects with well-defined requirements and where changes are minimal during the development process</p>
<p class=""font_8""><br></p>
<h3 class=""font_3"">Hybrid (""Wagile"")</h3>
<p class=""font_8"">Hybrid methodology combines elements of both Agile and Waterfall approaches to create a tailored process that fits the specific needs of a project. It uses Waterfall for high-level planning, defining phases, deadlines, and deliverables, while Agile is employed for execution, breaking tasks into sprints and prioritizing backlogs. This approach enhances project efficiency and adaptability, making it suitable for projects that require both predictability and flexibility.</p>","<p class=""font_8"">We offer seasoned expertise in program delivery, Agile leadership, and PMO development. Our delivery approach keeps strategy on track, teams aligned, and outcomes predictable.</p>","[""Strategy""]","[""32974d23-9293-4d8d-9318-1838627318ff""]",,"7a07ad39-3e80-4104-930a-483bc52b20e1","Strategy","/solutions/delivery-management","We offer seasoned expertise in program delivery, Agile leadership, and PMO development. Our delivery approach keeps strategy on track, teams aligned, and outcomes predictable.","#FFFFFF"
"Employee Strategies","/solutions/employee-strategies","80279842-5e70-43b0-bda2-5ef909f6523b",2025-05-01T23:14:25Z,2025-08-27T19:47:23Z,"6d695450-e5a5-4388-bd66-b6ec68c68375",1,"wix:image://v1/6d6954_097aa2d1b6714b6d93953e7294285c6a~mv2.png/Icons_Site_Employee_Strategies.png#originWidth=250&originHeight=250","9696040a-cb12-4345-a115-9771b284336f","People Strategy","<p class=""font_7"">We develop engagement strategies that prioritize employee experience, UX design, and strategic communication initiatives. Our expertise includes intranet design, website UX, and comprehensive experience design strategies.</p>","Designing for Experience, Effectiveness, and Engagement","<p class=""font_8"">Understanding the distinctions among these concepts is crucial for developing targeted strategies:</p>
<ul class=""font_8"">
  <li><p class=""font_8""><strong>Employee Experience:&nbsp;</strong>This encompasses the overall journey an employee has with the organization, from recruitment to exit. It includes all interactions, touchpoints, and perceptions that shape how employees feel about their workplace. A positive employee experience leads to higher satisfaction and loyalty.</p></li>
  <li><p class=""font_8""><strong>Employee Effectiveness:</strong>&nbsp;This refers to how well employees perform their roles and achieve their goals. It involves having the right skills, resources, and support to be productive and efficient. Effective employees contribute significantly to the organization's success by delivering high-quality work.</p></li>
  <li><p class=""font_8""><strong>Employee Engagement:</strong>&nbsp;Engagement is the emotional commitment employees have towards their organization and its goals. Engaged employees are passionate, motivated, and willing to go the extra mile. They are more likely to stay with the company and contribute to a positive work environment.</p></li>
</ul>","The Synozur Approach","<p class=""font_8"">So, you’re curious about how Synozur tackles developing strategies for employee experience, engagement, and effectiveness? Let’s break it down.</p>
<p class=""font_8""><br></p>
<p class=""font_8"">When it comes to <strong>Employee Experience (EXP),</strong> we’re all about creating a seamless journey for employees. Imagine every touchpoint from recruitment to the day someone leaves the company—it's all about making each phase positive and memorable. This means crafting every interaction and ensuring that employees feel valued and satisfied throughout their time with the organization. We achieve this by conducting thorough assessments of the current employee experience, identifying areas that require improvement, and implementing tailored solutions that enhance satisfaction and loyalty. Our strategies include optimizing onboarding processes, developing comprehensive training programs, and fostering open communication channels.</p>
<p class=""font_8""><br></p>
<p class=""font_8"">A happy employee is a loyal one, and our expertise in UX design and strategic communication initiatives helps ensure that every aspect of the employee journey is carefully designed to maximize engagement and effectiveness. We also offer continuous support and feedback loops to adapt and refine our strategies, ensuring long-term success for our clients.</p>
<p class=""font_8""><br></p>
<p class=""font_8"">Now on to <strong>Employee Engagement.</strong> Engagement isn't just about doing the job; it’s about feeling emotionally connected to the company’s goals and values.. This involves everything from designing inspiring workplaces to fostering a culture that employees can truly believe in.</p>
<p class=""font_8"">We create strategies that evoke emotional commitment to the company's goals and values. We design inspiring workplaces and cultivate a culture where employees can truly believe in and connect with. Through continuous support, feedback loops, and strategic communication initiatives, we keep engagement levels high.</p>
<p class=""font_8""><br></p>
<p class=""font_8"">Moreover, we ensure employee effectiveness by setting them up for success with clear goals, essential resources, and the right support. This involves providing the necessary tools and training so employees can excel in their roles and contribute meaningfully to the organization's success.</p>
<p class=""font_8""><br></p>
<p class=""font_8""><strong>Employee Effectiveness</strong> is all about performance. Synozur ensures that your people have the right skills, resources, and support to excel in their roles. It's about setting them up for success with clear goals and the tools they need to be productive and efficient. When employees perform well, it drives the whole organization forward.</p>","<p class=""font_8"">We create strategies that elevate the employee experience, blending UX design, communication, and engagement practices. It's all about supporting your people on every step of their journey.</p>","[""EXP""]","[""6c35211f-bd5a-44e4-9f64-5cd2e79dbf34""]",,"f747a4f6-e90d-4c7b-880b-2d862d8b0d9b","Experience","/solutions/employee-strategies","We create strategies that elevate the employee experience, blending UX design, communication, and engagement practices. It's all about supporting your people on every step of their journey.","#FFFFFF"
"Employee Effectiveness","/solutions/employee-effectiveness","a1562957-6886-4a26-89ec-faedb6aa7356",2025-05-01T23:14:25Z,2025-08-27T19:47:11Z,"6d695450-e5a5-4388-bd66-b6ec68c68375",3,"wix:image://v1/6d6954_51f25f54b1cf4c8b862258a25b885380~mv2.png/Icons_Site_Employee_Effectiveness.png#originWidth=250&originHeight=250","5cad2f38-33ba-4924-8cfd-9c2bb246eeea","Boost Productivity","<p class=""font_7"">At Synozur, we know the heart of any organization is its people. That's why <strong>we take a human-centered approach</strong>, looking at every part of the employee experience (EX) and journey.&nbsp;</p>
<p class=""font_7""><br>
We work to foster an engagement culture across communication, collaboration, adoption, and change management.</p>
<p class=""font_7""><br></p>
<p class=""font_7"">Creating <strong>a positive employee experience takes more than technology.</strong> It’s about understanding the unique needs and culture of your organization. We’re here to help you build <strong>a modern workplace that supports and engages your team</strong>, driving productivity and satisfaction.</p>","Driving Engagement and Organizational Performance","<p class=""font_8"">Employee engagement and effectiveness are critical to the success of any organization. Engaged employees are <strong>more productive, innovative, and committed </strong>to their work. They contribute to a positive workplace culture, which in turn attracts and retains top talent. By investing in employee experience, companies can achieve higher levels of performance, customer satisfaction, and overall business success.</p>","The Synozur Approach","<p class=""font_8"">Our approach to enhancing employee experience is holistic and data driven. We start by conducting comprehensive assessments to understand the unique needs and challenges of your organization. Based on these insights, we develop tailored strategies that address key areas such as leadership development, communication, recognition, and well-being.</p>","<p class=""font_8"">We focus on the people behind the platforms—improving the employee experience through smarter communication, collaboration, and adoption strategies. Our goal: a modern workplace where productivity and satisfaction go hand in hand.</p>","[""Technology""]","[""5cad2f38-33ba-4924-8cfd-9c2bb246eeea""]",,"84061bdc-419e-4105-b9c8-8b668fc9a239","Technology","/solutions/employee-effectiveness","We focus on the people behind the platforms—improving the employee experience through smarter communication, collaboration, and adoption strategies. Our goal: a modern workplace where productivity and satisfaction go hand in hand.","#FFFFFF"
"Strategic Roadmaps","/solutions/strategic-roadmaps","dbe07fa1-8228-478b-aa22-cf7c16d2b111",2025-05-01T23:14:25Z,2025-08-27T19:47:18Z,"6d695450-e5a5-4388-bd66-b6ec68c68375",1,"wix:image://v1/6d6954_3f0a348b1a074aad8b48c460e74fd8d6~mv2.png/Icons_Site_Strategic_Roadmaps.png#originWidth=250&originHeight=250","5cad2f38-33ba-4924-8cfd-9c2bb246eeea","Explore Roadmaps","<p class=""font_7"">We’ll help develop strategic roadmaps that align with your business ambitions.</p>
<p class=""font_7""><br></p>
<p class=""font_7"">With our extensive experience, we help you <strong>leverage the Microsoft solutions you already have</strong> and negotiate for the ones you need. We focus on avoiding unnecessary tools, ensuring that every piece of technology in your arsenal is essential and impactful.</p>","Aligning Technology with Business Outcomes","<p class=""font_8"">In today's rapidly evolving business landscape, having an aligned roadmap for technology that matches your business strategy is crucial for success.</p>","The Synozur Approach","<p class=""font_8""><strong>We use a workshop approach to drive consensus</strong> on your business priorities. This helps us assess your technical readiness and design a roadmap that charts a path from where you are to where you’re headed.</p>
<p class=""font_8""><br></p>
<p class=""font_8"">In particular, we leverage our partner relationships with <strong>Microsoft </strong>and other providers to help you maximize the value of your investments in <strong>Microsoft 365,</strong> identifying products and services you need and when you need them - and avoiding solutions that are misaligned and non-strategic. We also help you <strong>negotiate </strong>for the best economic results, and connect you to the <strong>right Microsoft programs</strong> for full engagement and education.</p>","<p class=""font_8"">We co-create strategic roadmaps that align your vision with actionable steps—leveraging your current tools and identifying what’s truly needed. It's a pragmatic path toward smarter, more sustainable technology choices.</p>","[""Technology""]","[""5cad2f38-33ba-4924-8cfd-9c2bb246eeea""]",,"84061bdc-419e-4105-b9c8-8b668fc9a239","Technology","/solutions/strategic-roadmaps","We co-create strategic roadmaps that align your vision with actionable steps—leveraging your current tools and identifying what’s truly needed. It's a pragmatic path toward smarter, more sustainable technology choices.","#FFFFFF"
