"Title","ID","Created Date","Updated Date","Owner","Slug","CategoryLabel","ShortDescription","HeroHeadline","HeroSubhead","HeroImage","HeroTrustBullets","PrimaryCTALabel","PrimaryCTALink","SecondaryCTALabel","SecondaryCTALink","DeliveryFormat","Duration","WhoItsFor","IdealParticipants","Prerequisites","PainHeader","PainLead","PainTiles","ScopeHeader","ScopeSummary","ScopeBullets","IncludedChecklist","ProcessHeader","ProcessSteps","DeliverablesHeader","DeliverablesCore","DeliverablesExecutive","DeliverablesEnablement","DeliverablesAddOns","PriceLabel","PriceStartingAt","PriceDisplay","TimelineDisplay","WhatIsIncludedShort","ShowDiagnosticModule","DiagnosticHeader","DiagnosticSummary","DiagnosticWhatWeAssess","DiagnosticQuestionnairePreview","DiagnosticSampleOutputLink","ShowCompetitiveIntelModule","CompetitiveIntelHeader","CompetitiveIntelSummary","CompetitiveIntelOutputs","ShowToolingNote","ToolingNote","OutcomesHeader","OutcomesBullets","BeforeExample","AfterExample","SampleDeliverablesHeader","SampleDeliverablesLink","SampleThumb1","SampleThumb2","SampleThumb3","FAQHeader","FAQBlock","SEOTitle","SEOMetaDescription","WorkshopOffers (Item)","OGImage","Workshops","Publish Date","Unpublish Date","Status"
"AI Academy - Immersive AI Leadership Day","2194d9e0-10e6-4136-999f-803082592b61",2026-02-01T20:28:55Z,2026-03-25T01:01:39Z,"b805cef0-823c-4610-b623-a9de8636fce2","ai-academy-immersive-ai-leadership-day","AI Strategy & Design","A leadership session that cuts through AI hype, builds shared understanding, and identifies practical, high-impact opportunities tailored to your business.","AI Academy - Immersive AI Leadership Day","Build confidence in what AI can do for your organization, then leave with a prioritized set of use cases and next steps — grounded in real business outcomes.","ai-academy.jpg","• Executive-friendly briefing on AI trends, risks, and opportunities
• Practical demonstrations tied to modern work scenarios
• Facilitated prioritization to create an actionable opportunity blueprint","Request a Private Workshop","https://www.synozur.com/start","Talk with our team","mailto:contactus@synozur.com","On-site or Virtual","4–6 hours (one-day session)","• CEOs and business leaders
• CIO/CTO and IT leadership
• Innovation, operations, and transformation leaders","• Executive sponsor
• IT lead for data/security
• 2–4 business leaders representing key functions","• Bring 2–3 business priorities you want to accelerate
• Optional: a strategy deck or annual goals document","Why this workshop exists","AI can create real advantage, but most leadership teams are stuck between hype, risk concerns, and too many tools — making it hard to choose where to start.","• Your team is hearing different AI stories, so alignment is low
• Use cases are fuzzy, so pilots stall or never launch
• Risk and governance questions slow momentum","What you’re buying","A focused leadership experience that moves from clarity to action: we brief leaders on what matters, show real demonstrations, then co-design and prioritize the AI opportunities most likely to deliver ROI in your environment.","• Separate hype from reality with clear examples
• Identify the right AI opportunities for your priorities
• Define quick wins vs. strategic bets with ownership and next steps","• Executive AI briefing and risk framing
• Demonstrations mapped to business scenarios
• Facilitated use-case ideation and prioritization
• Draft roadmap and recommended next steps","How it works","1. Executive briefing: trends, risks, and opportunity areas
2. Demonstrations: modern work scenarios tailored to your context
3. Guided exploration (hands-on when feasible)
4. Design-thinking workshop to generate candidate use cases
5. Prioritization by impact, feasibility, and time-to-value
6. Synthesis into an AI Opportunity Blueprint","Deliverables","• AI Opportunity Blueprint (prioritized use cases + rationale)
• Quick wins vs. strategic bets map
• Recommended next steps for pilots, governance, and adoption","• Executive summary memo suitable for leadership alignment","• Optional: draft internal narrative to align teams on the “why” and the first 90 days","• Optional: pilot design sprint
• Optional: AI adoption and governance roadmap","Starting at",20000,"Starting at $20,000","1 day (scheduled as a single session)","• Facilitated leadership workshop
• Prioritized opportunity blueprint
• Clear next steps and recommended path forward",true,"Optional diagnostic module (recommended)","If helpful, we add a lightweight readiness snapshot to identify the biggest blockers to adoption — so your first pilots are set up to succeed.","• Data readiness
• Security and governance posture
• Change and adoption readiness
• Operating model considerations","• How clear are your AI use-case owners and decision paths?
• How well defined are your data permissions and governance controls?",,false,,,,true,"Synozur uses internal frameworks and accelerators to strengthen rigor and speed — clients receive the outcomes and artifacts, not the tools.","Outcomes","• Shared leadership clarity on AI’s real potential
• A prioritized set of use cases tied to business outcomes
• Momentum to move from curiosity to action with confidence","“We should do something with AI, but we’re not sure where to start.”","“We have a prioritized AI opportunity blueprint, owners, and a practical first-pilot plan.”","Sample deliverables (available on request)",,"ai-academy-sample1.jpg","ai-academy-sample2.jpg","ai-academy-sample3.jpg","FAQ","Q: Is this technical?
A: It’s leadership-focused and outcome-driven. We keep the language clear and practical, and we bring in technical depth only when needed.

Q: Do we need any tools in place?
A: No. We meet you where you are and tailor next steps to your environment and constraints.","AI Academy - Immersive AI Leadership Day","A leadership workshop that demystifies AI, aligns executives, and produces a prioritized AI opportunity blueprint grounded in practical outcomes.","/workshops/ai-academy-immersive-ai-leadership-day","wix:image://v1/b805ce_37bb11bdb3b84e8592ecf0ecd81a77a2~mv2.jpeg/AdobeStock_1114783441.jpeg#originWidth=10080&originHeight=4320","/workshops/",2026-02-01T20:28:55Z,,"PUBLISHED"
"M365 Academy - Microsoft 365 Transformation Day","3b040f13-d4cd-4ad0-88eb-166b78757b9e",2026-02-01T20:28:55Z,2026-03-29T23:46:40Z,"b805cef0-823c-4610-b623-a9de8636fce2","m365-academy-microsoft-365-transformation-day","Microsoft 365 Transformation","A one-day workshop that reframes Microsoft 365 as a strategic platform — revealing underused capabilities and producing a practical modernization roadmap.","M365 Academy - Microsoft 365 Transformation Day","Unlock the tools you already own, improve everyday work, and align business and IT on the highest-value initiatives.","m365-academy.jpg","• Targeted demonstrations across Teams, SharePoint, Power Platform, Viva, and Copilot
• Scenario mapping that connects business pain to specific M365 capabilities
• A prioritized action plan to accelerate adoption and ROI","Request a Private Workshop","https://www.synozur.com/start","Talk with our team","mailto:contactus@synozur.com","On-site or Virtual","1 day","• CIO/IT leadership
• Business leaders responsible for productivity
• Digital workplace and collaboration owners","• Executive sponsor
• M365 technical owner
• 3–6 business leaders from key functions","• Bring your top collaboration/productivity pain points
• Optional: current governance or adoption materials","Why this workshop exists","Most organizations own powerful M365 capabilities but only use a fraction — leaving productivity, automation, and knowledge gains on the table.","• Too many tools and overlapping apps create confusion
• Governance gaps slow adoption and increase risk
• Teams don’t know what’s possible, so value stays unrealized","What you’re buying","An executive-friendly modernization day: we demonstrate what’s possible, then connect it to your workflows and priorities to produce a practical action plan that makes adoption achievable.","• Discover underused features you already pay for
• Map real business problems to M365 solutions
• Prioritize quick wins and governance improvements","• Curated demos aligned to your needs
• Facilitated scenario mapping
• Prioritized action plan
• Adoption and governance recommendations","How it works","1. Orientation: your current state and priorities
2. Demonstrations: high-value capabilities relevant to your teams
3. Guided exploration (hands-on when feasible)
4. Scenario mapping: pain points to features and patterns
5. Prioritization: quick wins vs. strategic investments
6. Roadmap: actions, owners, and next steps","Deliverables","• M365 Modernization Mini-Roadmap
• Quick-win opportunity list
• Governance and adoption recommendations","• Executive summary memo for alignment and sponsorship","• Optional: communications and adoption rhythm outline","• Optional: governance design sprint
• Optional: adoption campaign and measurement plan","Starting at",20000,"Starting at $20,000","1 day","• Demonstrations and facilitated mapping
• Prioritized roadmap
• Adoption and governance next steps",true,"Optional diagnostic module (recommended)","We can add a brief maturity snapshot to surface governance and adoption blockers, so your roadmap is realistic and right-sized.","• Information architecture and governance
• Collaboration patterns and adoption
• Automation readiness
• Content hygiene and risk hotspots","• How consistently are standards applied across Teams and SharePoint?
• How do you measure adoption and outcomes today?",,false,,,,true,"Synozur uses internal accelerators to speed insight and strengthen consistency — clients receive the plan and artifacts, not the tools.","Outcomes","• Faster adoption of high-value capabilities
• Reduced tool sprawl and clearer governance
• Improved alignment between business and IT on what to do next","“We have M365, but adoption is uneven and we’re still paying for too many extra tools.”","“We have a prioritized modernization roadmap and a clear governance and adoption path.”","Sample deliverables (available on request)",,"m365-sample1.jpg","m365-sample2.jpg","m365-sample3.jpg","FAQ","Q: Will this be specific to our environment?
A: Yes. We tailor demos and recommendations to your constraints, culture, and business priorities.

Q: Do you implement?
A: We design the strategy and roadmap and can guide execution with you or your implementation partners.","M365 Academy — Microsoft 365 Transformation Day","A one-day workshop that unlocks Microsoft 365 value and delivers a prioritized modernization roadmap with adoption and governance recommendations.","/workshops/m365-academy-microsoft-365-transformation-day","wix:image://v1/b805ce_9e2b77d7421a4681b6cda33ee780341a~mv2.jpeg/AdobeStock_362805421.jpeg#originWidth=5690&originHeight=3798","/workshops/",2026-02-01T20:28:55Z,,"PUBLISHED"
"Company Operating System Bootcamp - Two-Day Leadership Workshop","4189bc74-dfcb-451d-aa77-23357c115421",2026-02-01T20:28:55Z,2026-03-25T15:12:52Z,"b805cef0-823c-4610-b623-a9de8636fce2","company-operating-system-bootcamp-two-day","Leadership & Organizational Transformation","A two-day leadership workshop to define how your company runs — aligning culture, strategy, goals, and operating rhythms into a practical operating system for execution.","Company Operating System Bootcamp - Two-Day Leadership Workshop","Design the blueprint for how your organization operates — so strategy becomes a living system, not a slide deck.","company-os.jpg","• Facilitated leadership alignment on culture, values, and strategic priorities
• Practical operating rhythm design (cadence, decisions, accountability)
• A blueprint report your team can implement immediately","Request a Private Workshop","https://www.synozur.com/start","Talk with our team","mailto:contactus@synozur.com","On-site (recommended) or Hybrid","2 days","• CEOs, COOs, and leadership teams
• Organizations scaling or navigating change
• Leaders who want stronger alignment and execution","• CEO/COO
• Functional leaders
• People/operations lead
• Optional: strategy or finance partner","• Bring your current strategy/annual goals (if available)
• Bring known pain points in execution, meetings, or accountability","Why this workshop exists","Many teams have strong intentions but weak operating rhythms — meetings drift, priorities shift, and execution depends on heroics instead of a system.","• Too many priorities, not enough focus
• Decisions happen inconsistently
• Execution rhythms don’t scale with the organization","What you’re buying","A two-day facilitated design experience where leadership teams clarify foundations, define priorities, and build a practical operating rhythm — creating the management blueprint for consistent execution.","• Align on values, priorities, and decision-making
• Define quarterly focus and accountability
• Build a cadence that turns leadership time into outcomes","• Leadership alignment exercises
• Strategy and priority design
• Operating rhythm and meeting cadence design
• Synthesis into a Company OS Blueprint","How it works","Day 1: Foundations + alignment (values, strategy, goals, rhythms)
Day 2: Applied design (priorities, “big rocks,” decision paths, operating cadence)
Close: Synthesis and next-step plan","Deliverables","• Company OS Blueprint Report
• Draft strategic priorities and quarterly “big rocks”
• Operating rhythm (cadence, meetings, decision paths)","• Executive alignment summary and implementation recommendations","• Optional: internal rollout narrative and leadership communication outline","• Optional: follow-on engagement to operationalize and refine the Company OS
• Optional: metrics and rhythm instrumentation","Starting at",20000,"Starting at $20,000","2 days","• Two-day facilitated leadership workshop
• Company OS Blueprint report
• Clear next steps for implementation",true,"Optional diagnostic module (recommended)","We can add a brief leadership and operating maturity snapshot to focus the workshop on the most important execution gaps — quickly.","• Leadership alignment and decision-making
• Goal-setting and accountability
• Meeting cadence and operating rhythms
• Culture and adoption considerations","• How consistently are priorities translated into quarterly execution?
• How clear are decision paths and ownership?",,false,,,,true,"Synozur uses internal frameworks and planning accelerators to keep the work structured and actionable — you receive the blueprint and operating rhythm, not the tools.","Outcomes","• Leadership alignment around what matters most
• A disciplined operating cadence that scales
• Faster decisions and more consistent execution","“Leadership time is busy, but outcomes are inconsistent.”","“We have a clear operating rhythm and a blueprint for accountable execution.”","Sample deliverables (available on request)",,"cos-sample1.jpg","cos-sample2.jpg","cos-sample3.jpg","FAQ","Q: Is this a strategy retreat?
A: It’s more practical than a retreat. We design the operating system — the rhythms, decisions, and accountability that turn strategy into action.

Q: Do you implement the changes?
A: We can guide implementation and refinement, working alongside your team or implementation partners.","Company Operating System Bootcamp — Two-Day Leadership Workshop | Synozur","A two-day leadership workshop to align culture and strategy and design the operating rhythm and accountability system that makes execution achievable.","/workshops/company-operating-system-bootcamp-two-day-leadership-workshop","wix:image://v1/b805ce_f934a3a64078466cb8513d586e9791e6~mv2.jpeg/AdobeStock_906941431.jpeg#originWidth=4096&originHeight=2305","/workshops/",2026-02-01T20:28:55Z,,"PUBLISHED"
"Go-to-Market Proxy Pitch Assessment","ced64c78-7c2e-49ec-9388-3d7aa47204a6",2026-02-01T20:28:55Z,2026-03-24T20:34:54Z,"b805cef0-823c-4610-b623-a9de8636fce2","go-to-market-proxy-pitch-assessment","Go-to-Market Transformation","A premium, buyer-style simulation that stress-tests your pitch and narrative across personas — then delivers a board-ready assessment and improvement plan.","Go-to-Market Proxy Pitch Assessment","See your pitch the way real buyers do, uncover the blind spots that cost deals, and leave with a prioritized plan to sharpen differentiation and improve win rates.","proxy-pitch.jpg","• Realistic buying-committee simulation (finance, technical, operator, end-user lenses)
• Structured narrative and differentiation analysis grounded in competitive context
• Confidential assessment report with prioritized recommendations","Request a Private Workshop","https://www.synozur.com/start","See Sample Deliverables",,"Virtual or On-site","Assessment + readout (typically over ~2 weeks)","• Sales and marketing leaders
• Founders and product leaders
• Teams preparing for enterprise deals or major launches","• Pitch owner
• Sales leader
• Product/marketing lead
• 1–2 SMEs for objections and proof points","• Current pitch deck and talk track
• Optional: demo narrative and recent objection themes
• Optional: list of key competitors","Why this assessment exists","Most teams never hear the honest buyer perspective. Internal rehearsals can’t replicate real committee dynamics — so blind spots persist until they show up as lost deals.","• Your value is real, but buyers can’t repeat it back
• Differentiation sounds generic under scrutiny
• Objections derail conversations because proof points aren’t crisp","What you’re buying","A high-rigor, outside-in assessment that simulates real buying dynamics, evaluates your narrative and positioning, and delivers a prioritized plan to strengthen your pitch and go-to-market execution.","• Multi-persona simulation with candid feedback
• Competitive and differentiation overlay to pressure-test claims
• Actionable recommendations you can implement immediately","• Intake and context gathering
• Buying-committee simulation
• Structured debrief
• Assessment report with prioritized improvements
• Enablement-ready recommendations","How it works","1. Intake: deck, talk track, ICP, competitor set
2. Competitive context build to pressure-test differentiation
3. Proxy pitch simulation with a realistic buying committee
4. Persona-by-persona debrief: what resonated, what confused, what failed
5. Recommendations: narrative fixes, proof points, objection handling
6. Final report: scoring, priority actions, and next-step plan","Deliverables","• Proxy Pitch Scorecard (clarity, differentiation, credibility, proof)
• Persona Response Matrix (what each buyer heard and needed)
• Competitive Narrative Overlay (where competitors win the story)
• Prioritized Fix List and 30/60/90 plan","• CEO/COO-ready executive summary memo
• Risk and opportunity highlights","• Updated talk tracks and objection responses
• Slide/story-beat rewrite recommendations","• Live pitch rehearsal and coaching
• Full deck rewrite
• Enablement kit refresh (talk tracks, battlecards)","Starting at",20000,"Starting at $20,000","~2 weeks typical","• Simulation + debrief
• Board-ready assessment report
• Prioritized GTM improvement plan",true,"Optional diagnostic module (recommended)","When useful, we add a structured maturity snapshot to identify the GTM capability gaps that are driving pitch friction — and what to fix first.","• Market fit clarity (ICP, segmentation)
• Messaging and positioning consistency
• Pricing/packaging discipline
• Demand engine and sales enablement maturity
• Collateral health and journey mapping","• How clearly defined and validated is your ICP and segmentation?
• How actively is your messaging framework used in sales and launches?
• How value-based and disciplined is pricing across tiers and discounting?",,true,"Competitive context (included)","We ground recommendations in market reality by overlaying competitive signals and positioning patterns, so your differentiation holds up in real deals.","• Competitive positioning overlay
• Differentiation gaps and narrative collisions
• Battlecard-ready findings and objection patterns",true,"Synozur uses internal intelligence and assessment workflows to strengthen rigor and speed — clients receive the findings and artifacts, not the tools.","Outcomes","• A sharper pitch buyers can repeat
• Clearer differentiation under executive scrutiny
• Persona-specific talk tracks that reduce stalls
• A prioritized plan to improve win rates and market traction","“We explain what we do, but buyers still don’t get why we’re different.”","“We have a defensible story, proof points, and talk tracks tailored to each buyer persona.”","Sample deliverables (available on request)",,"gtm-sample1.jpg","gtm-sample2.jpg","gtm-sample3.jpg","FAQ","Q: Is this just a pitch critique?
A: No. It’s a buyer-style simulation plus structured narrative, differentiation, and competitive context — delivered as a prioritized improvement plan.

Q: Do you share your internal tools?
A: No. We use internal accelerators to improve rigor and speed; you receive the artifacts and outcomes.","Go-to-Market Proxy Pitch Assessment | Synozur","A premium buyer-style simulation and GTM assessment that delivers a scorecard, persona matrix, and a prioritized plan to sharpen differentiation and improve win rates.","/workshops/go-to-market-proxy-pitch-assessment","wix:image://v1/b805ce_264f168011654212ab4edfb1f625778a~mv2.jpeg/AdobeStock_1112700000.jpeg#originWidth=4608&originHeight=3584","/workshops/",2026-02-01T20:28:55Z,,"PUBLISHED"
